partido,candidato,version,punto,valor
Ahora Nación,Alfonso López Chau,,1,2.1
Ahora Nación,Alfonso López Chau,,2,1.4
Ahora Nación,Alfonso López Chau,,3,2.1
Ahora Nación,Alfonso López Chau,,4,8.4
Ahora Nación,Alfonso López Chau,,5,25.9
Ahora Nación,Alfonso López Chau,,6,37.8
Ahora Nación,Alfonso López Chau,,7,37.8
Ahora Nación,Alfonso López Chau,,8,35
Ahora Nación,Alfonso López Chau,,9,32.2
Ahora Nación,Alfonso López Chau,,10,28.7
Ahora Nación,Alfonso López Chau,,11,16.1
Ahora Nación,Alfonso López Chau,,12,4.9
Ahora Nación,Alfonso López Chau,,13,1.4
Ahora Nación,Alfonso López Chau,,14,2.1
Ahora Nación,Alfonso López Chau,,15,5.6
Ahora Nación,Alfonso López Chau,,16,14
Ahora Nación,Alfonso López Chau,,17,20.3
Ahora Nación,Alfonso López Chau,,18,24.5
Ahora Nación,Alfonso López Chau,,19,27.3
Ahora Nación,Alfonso López Chau,,20,28.7
Ahora Nación,Alfonso López Chau,,21,25.9
Ahora Nación,Alfonso López Chau,,22,15.4
Ahora Nación,Alfonso López Chau,,23,2.8
Ahora Nación,Alfonso López Chau,,24,1.4
Ahora Nación,Alfonso López Chau,,25,2.1
Ahora Nación,Alfonso López Chau,,26,6.3
Ahora Nación,Alfonso López Chau,,27,19.6
Ahora Nación,Alfonso López Chau,,28,28.7
Ahora Nación,Alfonso López Chau,,29,28.7
Ahora Nación,Alfonso López Chau,,30,21
Ahora Nación,Alfonso López Chau,,31,7.7
Ahora Nación,Alfonso López Chau,,32,4.2
Ahora Nación,Alfonso López Chau,,33,8.4
Ahora Nación,Alfonso López Chau,,34,11.2
Ahora Nación,Alfonso López Chau,,35,10.5
Ahora Nación,Alfonso López Chau,,36,6.3
Ahora Nación,Alfonso López Chau,,37,2.1
Ahora Nación,Alfonso López Chau,,38,1.4
Ahora Nación,Alfonso López Chau,,39,1.4
Ahora Nación,Alfonso López Chau,,40,2.1
Ahora Nación,Alfonso López Chau,,41,1.4
Ahora Nación,Alfonso López Chau,,42,2.1
Ahora Nación,Alfonso López Chau,,43,5.6
Ahora Nación,Alfonso López Chau,,44,14
Ahora Nación,Alfonso López Chau,,45,20.3
Ahora Nación,Alfonso López Chau,,46,20.3
Ahora Nación,Alfonso López Chau,,47,16.1
Ahora Nación,Alfonso López Chau,,48,11.9
Ahora Nación,Alfonso López Chau,,49,10.5
Ahora Nación,Alfonso López Chau,,50,11.2
Ahora Nación,Alfonso López Chau,,51,11.2
Ahora Nación,Alfonso López Chau,,52,6.3
Ahora Nación,Alfonso López Chau,,53,2.1
Ahora Nación,Alfonso López Chau,,54,1.4
Ahora Nación,Alfonso López Chau,,55,2.1
Ahora Nación,Alfonso López Chau,,56,1.4
Ahora Nación,Alfonso López Chau,,57,1.4
Ahora Nación,Alfonso López Chau,,58,1.4
Ahora Nación,Alfonso López Chau,,59,1.4
Ahora Nación,Alfonso López Chau,,60,1.4
Alianza Para el Progreso,César Acuña,Plan oficial,1,38.5
Alianza Para el Progreso,César Acuña,Plan oficial,2,46.2
Alianza Para el Progreso,César Acuña,Plan oficial,3,51
Alianza Para el Progreso,César Acuña,Plan oficial,4,51
Alianza Para el Progreso,César Acuña,Plan oficial,5,49
Alianza Para el Progreso,César Acuña,Plan oficial,6,44.8
Alianza Para el Progreso,César Acuña,Plan oficial,7,37.8
Alianza Para el Progreso,César Acuña,Plan oficial,8,30.8
Alianza Para el Progreso,César Acuña,Plan oficial,9,18.9
Alianza Para el Progreso,César Acuña,Plan oficial,10,7
Alianza Para el Progreso,César Acuña,Plan oficial,11,4.9
Alianza Para el Progreso,César Acuña,Plan oficial,12,11.9
Alianza Para el Progreso,César Acuña,Plan oficial,13,17.5
Alianza Para el Progreso,César Acuña,Plan oficial,14,18.9
Alianza Para el Progreso,César Acuña,Plan oficial,15,16.8
Alianza Para el Progreso,César Acuña,Plan oficial,16,11.9
Alianza Para el Progreso,César Acuña,Plan oficial,17,5.6
Alianza Para el Progreso,César Acuña,Plan oficial,18,2.1
Alianza Para el Progreso,César Acuña,Plan oficial,19,1.4
Alianza Para el Progreso,César Acuña,Plan oficial,20,1.4
Alianza Para el Progreso,César Acuña,Plan oficial,21,2.1
Alianza Para el Progreso,César Acuña,Plan oficial,22,7.7
Alianza Para el Progreso,César Acuña,Plan oficial,23,27.3
Alianza Para el Progreso,César Acuña,Plan oficial,24,45.5
Alianza Para el Progreso,César Acuña,Plan oficial,25,51
Alianza Para el Progreso,César Acuña,Plan oficial,26,50.3
Alianza Para el Progreso,César Acuña,Plan oficial,27,46.2
Alianza Para el Progreso,César Acuña,Plan oficial,28,38.5
Alianza Para el Progreso,César Acuña,Plan oficial,29,26.6
Alianza Para el Progreso,César Acuña,Plan oficial,30,8.4
Alianza Para el Progreso,César Acuña,Plan oficial,31,2.1
Alianza Para el Progreso,César Acuña,Plan oficial,32,1.4
Alianza Para el Progreso,César Acuña,Plan oficial,33,2.1
Alianza Para el Progreso,César Acuña,Plan oficial,34,1.4
Alianza Para el Progreso,César Acuña,Plan oficial,35,2.1
Alianza Para el Progreso,César Acuña,Plan oficial,36,2.1
Alianza Para el Progreso,César Acuña,Plan oficial,37,2.1
Alianza Para el Progreso,César Acuña,Plan oficial,38,2.1
Alianza Para el Progreso,César Acuña,Plan oficial,39,1.4
Alianza Para el Progreso,César Acuña,Plan oficial,40,2.1
Alianza Para el Progreso,César Acuña,Plan oficial,41,1.4
Alianza Para el Progreso,César Acuña,Plan oficial,42,2.1
Alianza Para el Progreso,César Acuña,Plan oficial,43,2.1
Alianza Para el Progreso,César Acuña,Plan oficial,44,1.4
Alianza Para el Progreso,César Acuña,Plan oficial,45,2.1
Alianza Para el Progreso,César Acuña,Plan oficial,46,1.4
Alianza Para el Progreso,César Acuña,Plan oficial,47,2.1
Alianza Para el Progreso,César Acuña,Plan oficial,48,11.9
Alianza Para el Progreso,César Acuña,Plan oficial,49,18.9
Alianza Para el Progreso,César Acuña,Plan oficial,50,18.9
Alianza Para el Progreso,César Acuña,Plan oficial,51,7
Alianza Para el Progreso,César Acuña,Plan oficial,52,1.4
Alianza Para el Progreso,César Acuña,Plan oficial,53,2.1
Alianza Para el Progreso,César Acuña,Plan oficial,54,2.1
Alianza Para el Progreso,César Acuña,Plan oficial,55,2.1
Alianza Para el Progreso,César Acuña,Plan oficial,56,2.1
Alianza Para el Progreso,César Acuña,Plan oficial,57,1.4
Alianza Para el Progreso,César Acuña,Plan oficial,58,1.4
Alianza Para el Progreso,César Acuña,Plan oficial,59,1.4
Alianza Para el Progreso,César Acuña,Plan oficial,60,1.4
Alianza Para el Progreso,César Acuña,Plan ampliado,1,4.2
Alianza Para el Progreso,César Acuña,Plan ampliado,2,9.8
Alianza Para el Progreso,César Acuña,Plan ampliado,3,14.7
Alianza Para el Progreso,César Acuña,Plan ampliado,4,18.9
Alianza Para el Progreso,César Acuña,Plan ampliado,5,21.7
Alianza Para el Progreso,César Acuña,Plan ampliado,6,24.5
Alianza Para el Progreso,César Acuña,Plan ampliado,7,26.6
Alianza Para el Progreso,César Acuña,Plan ampliado,8,28
Alianza Para el Progreso,César Acuña,Plan ampliado,9,28.7
Alianza Para el Progreso,César Acuña,Plan ampliado,10,30.1
Alianza Para el Progreso,César Acuña,Plan ampliado,11,26.6
Alianza Para el Progreso,César Acuña,Plan ampliado,12,15.4
Alianza Para el Progreso,César Acuña,Plan ampliado,13,5.6
Alianza Para el Progreso,César Acuña,Plan ampliado,14,9.8
Alianza Para el Progreso,César Acuña,Plan ampliado,15,16.1
Alianza Para el Progreso,César Acuña,Plan ampliado,16,18.9
Alianza Para el Progreso,César Acuña,Plan ampliado,17,22.4
Alianza Para el Progreso,César Acuña,Plan ampliado,18,25.2
Alianza Para el Progreso,César Acuña,Plan ampliado,19,26.6
Alianza Para el Progreso,César Acuña,Plan ampliado,20,23.8
Alianza Para el Progreso,César Acuña,Plan ampliado,21,16.8
Alianza Para el Progreso,César Acuña,Plan ampliado,22,15.4
Alianza Para el Progreso,César Acuña,Plan ampliado,23,31.5
Alianza Para el Progreso,César Acuña,Plan ampliado,24,43.4
Alianza Para el Progreso,César Acuña,Plan ampliado,25,43.4
Alianza Para el Progreso,César Acuña,Plan ampliado,26,35
Alianza Para el Progreso,César Acuña,Plan ampliado,27,16.8
Alianza Para el Progreso,César Acuña,Plan ampliado,28,10.5
Alianza Para el Progreso,César Acuña,Plan ampliado,29,16.1
Alianza Para el Progreso,César Acuña,Plan ampliado,30,18.9
Alianza Para el Progreso,César Acuña,Plan ampliado,31,18.2
Alianza Para el Progreso,César Acuña,Plan ampliado,32,11.9
Alianza Para el Progreso,César Acuña,Plan ampliado,33,5.6
Alianza Para el Progreso,César Acuña,Plan ampliado,34,6.3
Alianza Para el Progreso,César Acuña,Plan ampliado,35,11.9
Alianza Para el Progreso,César Acuña,Plan ampliado,36,18.9
Alianza Para el Progreso,César Acuña,Plan ampliado,37,35.7
Alianza Para el Progreso,César Acuña,Plan ampliado,38,51
Alianza Para el Progreso,César Acuña,Plan ampliado,39,57.3
Alianza Para el Progreso,César Acuña,Plan ampliado,40,56.6
Alianza Para el Progreso,César Acuña,Plan ampliado,41,50.3
Alianza Para el Progreso,César Acuña,Plan ampliado,42,42.7
Alianza Para el Progreso,César Acuña,Plan ampliado,43,37.8
Alianza Para el Progreso,César Acuña,Plan ampliado,44,36.4
Alianza Para el Progreso,César Acuña,Plan ampliado,45,35
Alianza Para el Progreso,César Acuña,Plan ampliado,46,30.1
Alianza Para el Progreso,César Acuña,Plan ampliado,47,23.1
Alianza Para el Progreso,César Acuña,Plan ampliado,48,16.1
Alianza Para el Progreso,César Acuña,Plan ampliado,49,11.2
Alianza Para el Progreso,César Acuña,Plan ampliado,50,9.8
Alianza Para el Progreso,César Acuña,Plan ampliado,51,21
Alianza Para el Progreso,César Acuña,Plan ampliado,52,32.2
Alianza Para el Progreso,César Acuña,Plan ampliado,53,32.9
Alianza Para el Progreso,César Acuña,Plan ampliado,54,25.2
Alianza Para el Progreso,César Acuña,Plan ampliado,55,7
Alianza Para el Progreso,César Acuña,Plan ampliado,56,4.9
Alianza Para el Progreso,César Acuña,Plan ampliado,57,5.6
Alianza Para el Progreso,César Acuña,Plan ampliado,58,5.6
Alianza Para el Progreso,César Acuña,Plan ampliado,59,5.6
Alianza Para el Progreso,César Acuña,Plan ampliado,60,5.6
APRA,Enrique Valderrama,,1,51
APRA,Enrique Valderrama,,2,42.7
APRA,Enrique Valderrama,,3,30.1
APRA,Enrique Valderrama,,4,19.6
APRA,Enrique Valderrama,,5,21.7
APRA,Enrique Valderrama,,6,51
APRA,Enrique Valderrama,,7,79
APRA,Enrique Valderrama,,8,88.8
APRA,Enrique Valderrama,,9,88.1
APRA,Enrique Valderrama,,10,62.2
APRA,Enrique Valderrama,,11,25.9
APRA,Enrique Valderrama,,12,2.1
APRA,Enrique Valderrama,,13,1.4
APRA,Enrique Valderrama,,14,2.1
APRA,Enrique Valderrama,,15,5.6
APRA,Enrique Valderrama,,16,14.7
APRA,Enrique Valderrama,,17,28.7
APRA,Enrique Valderrama,,18,51
APRA,Enrique Valderrama,,19,64.3
APRA,Enrique Valderrama,,20,64.3
APRA,Enrique Valderrama,,21,49
APRA,Enrique Valderrama,,22,39.2
APRA,Enrique Valderrama,,23,68.5
APRA,Enrique Valderrama,,24,75.5
APRA,Enrique Valderrama,,25,71.3
APRA,Enrique Valderrama,,26,50.3
APRA,Enrique Valderrama,,27,31.5
APRA,Enrique Valderrama,,28,46.2
APRA,Enrique Valderrama,,29,51
APRA,Enrique Valderrama,,30,49.7
APRA,Enrique Valderrama,,31,44.1
APRA,Enrique Valderrama,,32,39.2
APRA,Enrique Valderrama,,33,29.4
APRA,Enrique Valderrama,,34,20.3
APRA,Enrique Valderrama,,35,28.7
APRA,Enrique Valderrama,,36,57.3
APRA,Enrique Valderrama,,37,64.3
APRA,Enrique Valderrama,,38,58
APRA,Enrique Valderrama,,39,28.7
APRA,Enrique Valderrama,,40,16.1
APRA,Enrique Valderrama,,41,21.7
APRA,Enrique Valderrama,,42,35.7
APRA,Enrique Valderrama,,43,72
APRA,Enrique Valderrama,,44,88.8
APRA,Enrique Valderrama,,45,88.1
APRA,Enrique Valderrama,,46,72.7
APRA,Enrique Valderrama,,47,52.4
APRA,Enrique Valderrama,,48,39.2
APRA,Enrique Valderrama,,49,29.4
APRA,Enrique Valderrama,,50,21
APRA,Enrique Valderrama,,51,16.1
APRA,Enrique Valderrama,,52,15.4
APRA,Enrique Valderrama,,53,14
APRA,Enrique Valderrama,,54,15.4
APRA,Enrique Valderrama,,55,15.4
APRA,Enrique Valderrama,,56,18.2
APRA,Enrique Valderrama,,57,20.3
APRA,Enrique Valderrama,,58,20.3
APRA,Enrique Valderrama,,59,20.3
APRA,Enrique Valderrama,,60,20.3
Avanza País,José Williams,,1,16.1
Avanza País,José Williams,,2,11.2
Avanza País,José Williams,,3,4.9
Avanza País,José Williams,,4,2.1
Avanza País,José Williams,,5,1.4
Avanza País,José Williams,,6,2.1
Avanza País,José Williams,,7,2.1
Avanza País,José Williams,,8,1.4
Avanza País,José Williams,,9,2.1
Avanza País,José Williams,,10,2.1
Avanza País,José Williams,,11,1.4
Avanza País,José Williams,,12,2.1
Avanza País,José Williams,,13,1.4
Avanza País,José Williams,,14,1.4
Avanza País,José Williams,,15,2.1
Avanza País,José Williams,,16,1.4
Avanza País,José Williams,,17,1.4
Avanza País,José Williams,,18,2.1
Avanza País,José Williams,,19,6.3
Avanza País,José Williams,,20,9.8
Avanza País,José Williams,,21,10.5
Avanza País,José Williams,,22,7
Avanza País,José Williams,,23,3.5
Avanza País,José Williams,,24,2.1
Avanza País,José Williams,,25,1.4
Avanza País,José Williams,,26,2.1
Avanza País,José Williams,,27,14
Avanza País,José Williams,,28,28
Avanza País,José Williams,,29,32.9
Avanza País,José Williams,,30,30.8
Avanza País,José Williams,,31,21
Avanza País,José Williams,,32,11.2
Avanza País,José Williams,,33,20.3
Avanza País,José Williams,,34,25.2
Avanza País,José Williams,,35,23.8
Avanza País,José Williams,,36,14
Avanza País,José Williams,,37,3.5
Avanza País,José Williams,,38,14
Avanza País,José Williams,,39,23.8
Avanza País,José Williams,,40,25.2
Avanza País,José Williams,,41,21
Avanza País,José Williams,,42,9.8
Avanza País,José Williams,,43,2.8
Avanza País,José Williams,,44,5.6
Avanza País,José Williams,,45,10.5
Avanza País,José Williams,,46,11.9
Avanza País,José Williams,,47,16.8
Avanza País,José Williams,,48,19.6
Avanza País,José Williams,,49,24.5
Avanza País,José Williams,,50,32.9
Avanza País,José Williams,,51,39.9
Avanza País,José Williams,,52,54.5
Avanza País,José Williams,,53,68.5
Avanza País,José Williams,,54,87.4
Avanza País,José Williams,,55,92.3
Avanza País,José Williams,,56,91.6
Avanza País,José Williams,,57,91.6
Avanza País,José Williams,,58,91.6
Avanza País,José Williams,,59,91.6
Avanza País,José Williams,,60,91.6
Cooperación Popular,Yonhy Lescano,,1,100
Cooperación Popular,Yonhy Lescano,,2,100
Cooperación Popular,Yonhy Lescano,,3,93
Cooperación Popular,Yonhy Lescano,,4,50.3
Cooperación Popular,Yonhy Lescano,,5,5.6
Cooperación Popular,Yonhy Lescano,,6,17.5
Cooperación Popular,Yonhy Lescano,,7,78.3
Cooperación Popular,Yonhy Lescano,,8,100
Cooperación Popular,Yonhy Lescano,,9,100
Cooperación Popular,Yonhy Lescano,,10,60.8
Cooperación Popular,Yonhy Lescano,,11,13.3
Cooperación Popular,Yonhy Lescano,,12,2.1
Cooperación Popular,Yonhy Lescano,,13,2.1
Cooperación Popular,Yonhy Lescano,,14,1.4
Cooperación Popular,Yonhy Lescano,,15,2.1
Cooperación Popular,Yonhy Lescano,,16,1.4
Cooperación Popular,Yonhy Lescano,,17,2.1
Cooperación Popular,Yonhy Lescano,,18,2.1
Cooperación Popular,Yonhy Lescano,,19,2.1
Cooperación Popular,Yonhy Lescano,,20,1.4
Cooperación Popular,Yonhy Lescano,,21,2.1
Cooperación Popular,Yonhy Lescano,,22,1.4
Cooperación Popular,Yonhy Lescano,,23,2.1
Cooperación Popular,Yonhy Lescano,,24,2.1
Cooperación Popular,Yonhy Lescano,,25,2.1
Cooperación Popular,Yonhy Lescano,,26,1.4
Cooperación Popular,Yonhy Lescano,,27,2.1
Cooperación Popular,Yonhy Lescano,,28,2.1
Cooperación Popular,Yonhy Lescano,,29,2.1
Cooperación Popular,Yonhy Lescano,,30,1.4
Cooperación Popular,Yonhy Lescano,,31,2.1
Cooperación Popular,Yonhy Lescano,,32,2.1
Cooperación Popular,Yonhy Lescano,,33,2.1
Cooperación Popular,Yonhy Lescano,,34,2.1
Cooperación Popular,Yonhy Lescano,,35,2.1
Cooperación Popular,Yonhy Lescano,,36,2.1
Cooperación Popular,Yonhy Lescano,,37,2.1
Cooperación Popular,Yonhy Lescano,,38,1.4
Cooperación Popular,Yonhy Lescano,,39,2.1
Cooperación Popular,Yonhy Lescano,,40,2.1
Cooperación Popular,Yonhy Lescano,,41,2.1
Cooperación Popular,Yonhy Lescano,,42,1.4
Cooperación Popular,Yonhy Lescano,,43,2.1
Cooperación Popular,Yonhy Lescano,,44,1.4
Cooperación Popular,Yonhy Lescano,,45,2.1
Cooperación Popular,Yonhy Lescano,,46,2.1
Cooperación Popular,Yonhy Lescano,,47,2.1
Cooperación Popular,Yonhy Lescano,,48,2.1
Cooperación Popular,Yonhy Lescano,,49,2.1
Cooperación Popular,Yonhy Lescano,,50,2.1
Cooperación Popular,Yonhy Lescano,,51,2.1
Cooperación Popular,Yonhy Lescano,,52,2.1
Cooperación Popular,Yonhy Lescano,,53,2.1
Cooperación Popular,Yonhy Lescano,,54,2.1
Cooperación Popular,Yonhy Lescano,,55,1.4
Cooperación Popular,Yonhy Lescano,,56,2.1
Cooperación Popular,Yonhy Lescano,,57,1.4
Cooperación Popular,Yonhy Lescano,,58,1.4
Cooperación Popular,Yonhy Lescano,,59,1.4
Cooperación Popular,Yonhy Lescano,,60,1.4
Demócrata Unido Perú,Charlie Carrasco,,1,0
Demócrata Unido Perú,Charlie Carrasco,,2,0
Demócrata Unido Perú,Charlie Carrasco,,3,0
Demócrata Unido Perú,Charlie Carrasco,,4,0
Demócrata Unido Perú,Charlie Carrasco,,5,0
Demócrata Unido Perú,Charlie Carrasco,,6,0
Demócrata Unido Perú,Charlie Carrasco,,7,0
Demócrata Unido Perú,Charlie Carrasco,,8,0
Demócrata Unido Perú,Charlie Carrasco,,9,0
Demócrata Unido Perú,Charlie Carrasco,,10,0
Demócrata Unido Perú,Charlie Carrasco,,11,0
Demócrata Unido Perú,Charlie Carrasco,,12,0
Demócrata Unido Perú,Charlie Carrasco,,13,0
Demócrata Unido Perú,Charlie Carrasco,,14,0
Demócrata Unido Perú,Charlie Carrasco,,15,0
Demócrata Unido Perú,Charlie Carrasco,,16,0
Demócrata Unido Perú,Charlie Carrasco,,17,0
Demócrata Unido Perú,Charlie Carrasco,,18,0
Demócrata Unido Perú,Charlie Carrasco,,19,0
Demócrata Unido Perú,Charlie Carrasco,,20,0
Demócrata Unido Perú,Charlie Carrasco,,21,0
Demócrata Unido Perú,Charlie Carrasco,,22,0
Demócrata Unido Perú,Charlie Carrasco,,23,0
Demócrata Unido Perú,Charlie Carrasco,,24,0
Demócrata Unido Perú,Charlie Carrasco,,25,0
Demócrata Unido Perú,Charlie Carrasco,,26,0
Demócrata Unido Perú,Charlie Carrasco,,27,0
Demócrata Unido Perú,Charlie Carrasco,,28,0
Demócrata Unido Perú,Charlie Carrasco,,29,0
Demócrata Unido Perú,Charlie Carrasco,,30,0
Demócrata Unido Perú,Charlie Carrasco,,31,0
Demócrata Unido Perú,Charlie Carrasco,,32,0
Demócrata Unido Perú,Charlie Carrasco,,33,0
Demócrata Unido Perú,Charlie Carrasco,,34,0
Demócrata Unido Perú,Charlie Carrasco,,35,0
Demócrata Unido Perú,Charlie Carrasco,,36,0
Demócrata Unido Perú,Charlie Carrasco,,37,0
Demócrata Unido Perú,Charlie Carrasco,,38,0
Demócrata Unido Perú,Charlie Carrasco,,39,0
Demócrata Unido Perú,Charlie Carrasco,,40,0
Demócrata Unido Perú,Charlie Carrasco,,41,0
Demócrata Unido Perú,Charlie Carrasco,,42,0
Demócrata Unido Perú,Charlie Carrasco,,43,0
Demócrata Unido Perú,Charlie Carrasco,,44,0
Demócrata Unido Perú,Charlie Carrasco,,45,0
Demócrata Unido Perú,Charlie Carrasco,,46,0
Demócrata Unido Perú,Charlie Carrasco,,47,0
Demócrata Unido Perú,Charlie Carrasco,,48,0
Demócrata Unido Perú,Charlie Carrasco,,49,0
Demócrata Unido Perú,Charlie Carrasco,,50,0
Demócrata Unido Perú,Charlie Carrasco,,51,0
Demócrata Unido Perú,Charlie Carrasco,,52,0
Demócrata Unido Perú,Charlie Carrasco,,53,0
Demócrata Unido Perú,Charlie Carrasco,,54,0
Demócrata Unido Perú,Charlie Carrasco,,55,0
Demócrata Unido Perú,Charlie Carrasco,,56,0
Demócrata Unido Perú,Charlie Carrasco,,57,0
Demócrata Unido Perú,Charlie Carrasco,,58,0
Demócrata Unido Perú,Charlie Carrasco,,59,0
Demócrata Unido Perú,Charlie Carrasco,,60,0
Democrático Federal,Armando Massé,,1,2.1
Democrático Federal,Armando Massé,,2,1.4
Democrático Federal,Armando Massé,,3,2.1
Democrático Federal,Armando Massé,,4,2.1
Democrático Federal,Armando Massé,,5,1.4
Democrático Federal,Armando Massé,,6,1.4
Democrático Federal,Armando Massé,,7,2.1
Democrático Federal,Armando Massé,,8,1.4
Democrático Federal,Armando Massé,,9,2.1
Democrático Federal,Armando Massé,,10,2.1
Democrático Federal,Armando Massé,,11,1.4
Democrático Federal,Armando Massé,,12,2.1
Democrático Federal,Armando Massé,,13,30.8
Democrático Federal,Armando Massé,,14,88.8
Democrático Federal,Armando Massé,,15,100
Democrático Federal,Armando Massé,,16,99.3
Democrático Federal,Armando Massé,,17,99.3
Democrático Federal,Armando Massé,,18,100
Democrático Federal,Armando Massé,,19,100
Democrático Federal,Armando Massé,,20,100
Democrático Federal,Armando Massé,,21,100
Democrático Federal,Armando Massé,,22,99.3
Democrático Federal,Armando Massé,,23,100
Democrático Federal,Armando Massé,,24,100
Democrático Federal,Armando Massé,,25,100
Democrático Federal,Armando Massé,,26,100
Democrático Federal,Armando Massé,,27,100
Democrático Federal,Armando Massé,,28,100
Democrático Federal,Armando Massé,,29,100
Democrático Federal,Armando Massé,,30,100
Democrático Federal,Armando Massé,,31,99.3
Democrático Federal,Armando Massé,,32,100
Democrático Federal,Armando Massé,,33,100
Democrático Federal,Armando Massé,,34,100
Democrático Federal,Armando Massé,,35,100
Democrático Federal,Armando Massé,,36,100
Democrático Federal,Armando Massé,,37,100
Democrático Federal,Armando Massé,,38,100
Democrático Federal,Armando Massé,,39,99.3
Democrático Federal,Armando Massé,,40,100
Democrático Federal,Armando Massé,,41,99.3
Democrático Federal,Armando Massé,,42,99.3
Democrático Federal,Armando Massé,,43,100
Democrático Federal,Armando Massé,,44,99.3
Democrático Federal,Armando Massé,,45,99.3
Democrático Federal,Armando Massé,,46,100
Democrático Federal,Armando Massé,,47,99.3
Democrático Federal,Armando Massé,,48,99.3
Democrático Federal,Armando Massé,,49,100
Democrático Federal,Armando Massé,,50,99.3
Democrático Federal,Armando Massé,,51,100
Democrático Federal,Armando Massé,,52,100
Democrático Federal,Armando Massé,,53,99.3
Democrático Federal,Armando Massé,,54,100
Democrático Federal,Armando Massé,,55,100
Democrático Federal,Armando Massé,,56,100
Democrático Federal,Armando Massé,,57,100
Democrático Federal,Armando Massé,,58,100
Democrático Federal,Armando Massé,,59,100
Democrático Federal,Armando Massé,,60,100
Fe en el Perú,Álvaro Paz de la Barra,,1,100
Fe en el Perú,Álvaro Paz de la Barra,,2,100
Fe en el Perú,Álvaro Paz de la Barra,,3,100
Fe en el Perú,Álvaro Paz de la Barra,,4,100
Fe en el Perú,Álvaro Paz de la Barra,,5,100
Fe en el Perú,Álvaro Paz de la Barra,,6,100
Fe en el Perú,Álvaro Paz de la Barra,,7,100
Fe en el Perú,Álvaro Paz de la Barra,,8,100
Fe en el Perú,Álvaro Paz de la Barra,,9,99.3
Fe en el Perú,Álvaro Paz de la Barra,,10,100
Fe en el Perú,Álvaro Paz de la Barra,,11,100
Fe en el Perú,Álvaro Paz de la Barra,,12,100
Fe en el Perú,Álvaro Paz de la Barra,,13,100
Fe en el Perú,Álvaro Paz de la Barra,,14,100
Fe en el Perú,Álvaro Paz de la Barra,,15,100
Fe en el Perú,Álvaro Paz de la Barra,,16,100
Fe en el Perú,Álvaro Paz de la Barra,,17,99.3
Fe en el Perú,Álvaro Paz de la Barra,,18,100
Fe en el Perú,Álvaro Paz de la Barra,,19,99.3
Fe en el Perú,Álvaro Paz de la Barra,,20,100
Fe en el Perú,Álvaro Paz de la Barra,,21,100
Fe en el Perú,Álvaro Paz de la Barra,,22,100
Fe en el Perú,Álvaro Paz de la Barra,,23,99.3
Fe en el Perú,Álvaro Paz de la Barra,,24,100
Fe en el Perú,Álvaro Paz de la Barra,,25,100
Fe en el Perú,Álvaro Paz de la Barra,,26,100
Fe en el Perú,Álvaro Paz de la Barra,,27,100
Fe en el Perú,Álvaro Paz de la Barra,,28,100
Fe en el Perú,Álvaro Paz de la Barra,,29,100
Fe en el Perú,Álvaro Paz de la Barra,,30,99.3
Fe en el Perú,Álvaro Paz de la Barra,,31,100
Fe en el Perú,Álvaro Paz de la Barra,,32,100
Fe en el Perú,Álvaro Paz de la Barra,,33,100
Fe en el Perú,Álvaro Paz de la Barra,,34,100
Fe en el Perú,Álvaro Paz de la Barra,,35,100
Fe en el Perú,Álvaro Paz de la Barra,,36,100
Fe en el Perú,Álvaro Paz de la Barra,,37,100
Fe en el Perú,Álvaro Paz de la Barra,,38,100
Fe en el Perú,Álvaro Paz de la Barra,,39,100
Fe en el Perú,Álvaro Paz de la Barra,,40,100
Fe en el Perú,Álvaro Paz de la Barra,,41,100
Fe en el Perú,Álvaro Paz de la Barra,,42,100
Fe en el Perú,Álvaro Paz de la Barra,,43,100
Fe en el Perú,Álvaro Paz de la Barra,,44,99.3
Fe en el Perú,Álvaro Paz de la Barra,,45,100
Fe en el Perú,Álvaro Paz de la Barra,,46,100
Fe en el Perú,Álvaro Paz de la Barra,,47,100
Fe en el Perú,Álvaro Paz de la Barra,,48,100
Fe en el Perú,Álvaro Paz de la Barra,,49,100
Fe en el Perú,Álvaro Paz de la Barra,,50,100
Fe en el Perú,Álvaro Paz de la Barra,,51,100
Fe en el Perú,Álvaro Paz de la Barra,,52,100
Fe en el Perú,Álvaro Paz de la Barra,,53,100
Fe en el Perú,Álvaro Paz de la Barra,,54,100
Fe en el Perú,Álvaro Paz de la Barra,,55,100
Fe en el Perú,Álvaro Paz de la Barra,,56,100
Fe en el Perú,Álvaro Paz de la Barra,,57,100
Fe en el Perú,Álvaro Paz de la Barra,,58,100
Fe en el Perú,Álvaro Paz de la Barra,,59,100
Fe en el Perú,Álvaro Paz de la Barra,,60,100
Frente de la Esperanza,Fernando Olivera,,1,0
Frente de la Esperanza,Fernando Olivera,,2,0
Frente de la Esperanza,Fernando Olivera,,3,0
Frente de la Esperanza,Fernando Olivera,,4,0
Frente de la Esperanza,Fernando Olivera,,5,0
Frente de la Esperanza,Fernando Olivera,,6,0
Frente de la Esperanza,Fernando Olivera,,7,0
Frente de la Esperanza,Fernando Olivera,,8,0
Frente de la Esperanza,Fernando Olivera,,9,0
Frente de la Esperanza,Fernando Olivera,,10,0
Frente de la Esperanza,Fernando Olivera,,11,0
Frente de la Esperanza,Fernando Olivera,,12,0
Frente de la Esperanza,Fernando Olivera,,13,0
Frente de la Esperanza,Fernando Olivera,,14,0
Frente de la Esperanza,Fernando Olivera,,15,0
Frente de la Esperanza,Fernando Olivera,,16,0
Frente de la Esperanza,Fernando Olivera,,17,0
Frente de la Esperanza,Fernando Olivera,,18,0
Frente de la Esperanza,Fernando Olivera,,19,0
Frente de la Esperanza,Fernando Olivera,,20,0
Frente de la Esperanza,Fernando Olivera,,21,0
Frente de la Esperanza,Fernando Olivera,,22,0
Frente de la Esperanza,Fernando Olivera,,23,0
Frente de la Esperanza,Fernando Olivera,,24,0
Frente de la Esperanza,Fernando Olivera,,25,0
Frente de la Esperanza,Fernando Olivera,,26,0
Frente de la Esperanza,Fernando Olivera,,27,0
Frente de la Esperanza,Fernando Olivera,,28,0
Frente de la Esperanza,Fernando Olivera,,29,0
Frente de la Esperanza,Fernando Olivera,,30,0
Frente de la Esperanza,Fernando Olivera,,31,0
Frente de la Esperanza,Fernando Olivera,,32,0
Frente de la Esperanza,Fernando Olivera,,33,0
Frente de la Esperanza,Fernando Olivera,,34,0
Frente de la Esperanza,Fernando Olivera,,35,0
Frente de la Esperanza,Fernando Olivera,,36,0
Frente de la Esperanza,Fernando Olivera,,37,0
Frente de la Esperanza,Fernando Olivera,,38,0
Frente de la Esperanza,Fernando Olivera,,39,0
Frente de la Esperanza,Fernando Olivera,,40,0
Frente de la Esperanza,Fernando Olivera,,41,0
Frente de la Esperanza,Fernando Olivera,,42,0
Frente de la Esperanza,Fernando Olivera,,43,0
Frente de la Esperanza,Fernando Olivera,,44,0
Frente de la Esperanza,Fernando Olivera,,45,0
Frente de la Esperanza,Fernando Olivera,,46,0
Frente de la Esperanza,Fernando Olivera,,47,0
Frente de la Esperanza,Fernando Olivera,,48,0
Frente de la Esperanza,Fernando Olivera,,49,0
Frente de la Esperanza,Fernando Olivera,,50,0
Frente de la Esperanza,Fernando Olivera,,51,0
Frente de la Esperanza,Fernando Olivera,,52,0
Frente de la Esperanza,Fernando Olivera,,53,0
Frente de la Esperanza,Fernando Olivera,,54,0
Frente de la Esperanza,Fernando Olivera,,55,0
Frente de la Esperanza,Fernando Olivera,,56,0
Frente de la Esperanza,Fernando Olivera,,57,0
Frente de la Esperanza,Fernando Olivera,,58,0
Frente de la Esperanza,Fernando Olivera,,59,0
Frente de la Esperanza,Fernando Olivera,,60,0
Fuerza Popular,Keiko Fujimori,,1,41.3
Fuerza Popular,Keiko Fujimori,,2,35
Fuerza Popular,Keiko Fujimori,,3,25.9
Fuerza Popular,Keiko Fujimori,,4,22.4
Fuerza Popular,Keiko Fujimori,,5,25.9
Fuerza Popular,Keiko Fujimori,,6,31.5
Fuerza Popular,Keiko Fujimori,,7,37.1
Fuerza Popular,Keiko Fujimori,,8,44.1
Fuerza Popular,Keiko Fujimori,,9,51.7
Fuerza Popular,Keiko Fujimori,,10,56.6
Fuerza Popular,Keiko Fujimori,,11,60.8
Fuerza Popular,Keiko Fujimori,,12,60.8
Fuerza Popular,Keiko Fujimori,,13,60.1
Fuerza Popular,Keiko Fujimori,,14,60.8
Fuerza Popular,Keiko Fujimori,,15,60.8
Fuerza Popular,Keiko Fujimori,,16,54.5
Fuerza Popular,Keiko Fujimori,,17,44.8
Fuerza Popular,Keiko Fujimori,,18,44.8
Fuerza Popular,Keiko Fujimori,,19,51
Fuerza Popular,Keiko Fujimori,,20,54.5
Fuerza Popular,Keiko Fujimori,,21,58
Fuerza Popular,Keiko Fujimori,,22,60.8
Fuerza Popular,Keiko Fujimori,,23,60.8
Fuerza Popular,Keiko Fujimori,,24,50.3
Fuerza Popular,Keiko Fujimori,,25,42
Fuerza Popular,Keiko Fujimori,,26,45.5
Fuerza Popular,Keiko Fujimori,,27,51.7
Fuerza Popular,Keiko Fujimori,,28,61.5
Fuerza Popular,Keiko Fujimori,,29,70.6
Fuerza Popular,Keiko Fujimori,,30,70.6
Fuerza Popular,Keiko Fujimori,,31,65.7
Fuerza Popular,Keiko Fujimori,,32,53.1
Fuerza Popular,Keiko Fujimori,,33,41.3
Fuerza Popular,Keiko Fujimori,,34,30.1
Fuerza Popular,Keiko Fujimori,,35,18.9
Fuerza Popular,Keiko Fujimori,,36,21.7
Fuerza Popular,Keiko Fujimori,,37,51.7
Fuerza Popular,Keiko Fujimori,,38,60.8
Fuerza Popular,Keiko Fujimori,,39,60.1
Fuerza Popular,Keiko Fujimori,,40,46.9
Fuerza Popular,Keiko Fujimori,,41,32.9
Fuerza Popular,Keiko Fujimori,,42,33.6
Fuerza Popular,Keiko Fujimori,,43,41.3
Fuerza Popular,Keiko Fujimori,,44,47.6
Fuerza Popular,Keiko Fujimori,,45,58.7
Fuerza Popular,Keiko Fujimori,,46,70.6
Fuerza Popular,Keiko Fujimori,,47,75.5
Fuerza Popular,Keiko Fujimori,,48,79.7
Fuerza Popular,Keiko Fujimori,,49,80.4
Fuerza Popular,Keiko Fujimori,,50,78.3
Fuerza Popular,Keiko Fujimori,,51,72.7
Fuerza Popular,Keiko Fujimori,,52,62.9
Fuerza Popular,Keiko Fujimori,,53,43.4
Fuerza Popular,Keiko Fujimori,,54,18.9
Fuerza Popular,Keiko Fujimori,,55,7
Fuerza Popular,Keiko Fujimori,,56,2.1
Fuerza Popular,Keiko Fujimori,,57,1.4
Fuerza Popular,Keiko Fujimori,,58,1.4
Fuerza Popular,Keiko Fujimori,,59,1.4
Fuerza Popular,Keiko Fujimori,,60,1.4
Fuerza y Libertad,Fiorella Molinelli,,1,58.7
Fuerza y Libertad,Fiorella Molinelli,,2,81.8
Fuerza y Libertad,Fiorella Molinelli,,3,95.1
Fuerza y Libertad,Fiorella Molinelli,,4,95.1
Fuerza y Libertad,Fiorella Molinelli,,5,89.5
Fuerza y Libertad,Fiorella Molinelli,,6,76.9
Fuerza y Libertad,Fiorella Molinelli,,7,74.8
Fuerza y Libertad,Fiorella Molinelli,,8,79
Fuerza y Libertad,Fiorella Molinelli,,9,81.8
Fuerza y Libertad,Fiorella Molinelli,,10,88.1
Fuerza y Libertad,Fiorella Molinelli,,11,95.1
Fuerza y Libertad,Fiorella Molinelli,,12,96.5
Fuerza y Libertad,Fiorella Molinelli,,13,98.6
Fuerza y Libertad,Fiorella Molinelli,,14,100
Fuerza y Libertad,Fiorella Molinelli,,15,100
Fuerza y Libertad,Fiorella Molinelli,,16,95.8
Fuerza y Libertad,Fiorella Molinelli,,17,90.2
Fuerza y Libertad,Fiorella Molinelli,,18,90.2
Fuerza y Libertad,Fiorella Molinelli,,19,93
Fuerza y Libertad,Fiorella Molinelli,,20,95.1
Fuerza y Libertad,Fiorella Molinelli,,21,97.2
Fuerza y Libertad,Fiorella Molinelli,,22,99.3
Fuerza y Libertad,Fiorella Molinelli,,23,100
Fuerza y Libertad,Fiorella Molinelli,,24,98.6
Fuerza y Libertad,Fiorella Molinelli,,25,95.8
Fuerza y Libertad,Fiorella Molinelli,,26,95.1
Fuerza y Libertad,Fiorella Molinelli,,27,97.9
Fuerza y Libertad,Fiorella Molinelli,,28,100
Fuerza y Libertad,Fiorella Molinelli,,29,100
Fuerza y Libertad,Fiorella Molinelli,,30,99.3
Fuerza y Libertad,Fiorella Molinelli,,31,100
Fuerza y Libertad,Fiorella Molinelli,,32,100
Fuerza y Libertad,Fiorella Molinelli,,33,99.3
Fuerza y Libertad,Fiorella Molinelli,,34,100
Fuerza y Libertad,Fiorella Molinelli,,35,99.3
Fuerza y Libertad,Fiorella Molinelli,,36,99.3
Fuerza y Libertad,Fiorella Molinelli,,37,100
Fuerza y Libertad,Fiorella Molinelli,,38,99.3
Fuerza y Libertad,Fiorella Molinelli,,39,99.3
Fuerza y Libertad,Fiorella Molinelli,,40,100
Fuerza y Libertad,Fiorella Molinelli,,41,97.9
Fuerza y Libertad,Fiorella Molinelli,,42,95.8
Fuerza y Libertad,Fiorella Molinelli,,43,95.1
Fuerza y Libertad,Fiorella Molinelli,,44,97.9
Fuerza y Libertad,Fiorella Molinelli,,45,100
Fuerza y Libertad,Fiorella Molinelli,,46,100
Fuerza y Libertad,Fiorella Molinelli,,47,97.9
Fuerza y Libertad,Fiorella Molinelli,,48,95.8
Fuerza y Libertad,Fiorella Molinelli,,49,95.1
Fuerza y Libertad,Fiorella Molinelli,,50,92.3
Fuerza y Libertad,Fiorella Molinelli,,51,90.2
Fuerza y Libertad,Fiorella Molinelli,,52,86
Fuerza y Libertad,Fiorella Molinelli,,53,77.6
Fuerza y Libertad,Fiorella Molinelli,,54,69.2
Fuerza y Libertad,Fiorella Molinelli,,55,69.9
Fuerza y Libertad,Fiorella Molinelli,,56,72
Fuerza y Libertad,Fiorella Molinelli,,57,71.3
Fuerza y Libertad,Fiorella Molinelli,,58,71.3
Fuerza y Libertad,Fiorella Molinelli,,59,71.3
Fuerza y Libertad,Fiorella Molinelli,,60,71.3
Integridad Democrática,Wolfgang Grozo,,1,18.2
Integridad Democrática,Wolfgang Grozo,,2,42.7
Integridad Democrática,Wolfgang Grozo,,3,63.6
Integridad Democrática,Wolfgang Grozo,,4,81.1
Integridad Democrática,Wolfgang Grozo,,5,91.6
Integridad Democrática,Wolfgang Grozo,,6,94.4
Integridad Democrática,Wolfgang Grozo,,7,93
Integridad Democrática,Wolfgang Grozo,,8,93.7
Integridad Democrática,Wolfgang Grozo,,9,94.4
Integridad Democrática,Wolfgang Grozo,,10,93
Integridad Democrática,Wolfgang Grozo,,11,94.4
Integridad Democrática,Wolfgang Grozo,,12,94.4
Integridad Democrática,Wolfgang Grozo,,13,93
Integridad Democrática,Wolfgang Grozo,,14,94.4
Integridad Democrática,Wolfgang Grozo,,15,94.4
Integridad Democrática,Wolfgang Grozo,,16,91.6
Integridad Democrática,Wolfgang Grozo,,17,89.5
Integridad Democrática,Wolfgang Grozo,,18,88.8
Integridad Democrática,Wolfgang Grozo,,19,88.1
Integridad Democrática,Wolfgang Grozo,,20,89.5
Integridad Democrática,Wolfgang Grozo,,21,90.9
Integridad Democrática,Wolfgang Grozo,,22,95.8
Integridad Democrática,Wolfgang Grozo,,23,100
Integridad Democrática,Wolfgang Grozo,,24,100
Integridad Democrática,Wolfgang Grozo,,25,93
Integridad Democrática,Wolfgang Grozo,,26,82.5
Integridad Democrática,Wolfgang Grozo,,27,83.9
Integridad Democrática,Wolfgang Grozo,,28,90.9
Integridad Democrática,Wolfgang Grozo,,29,94.4
Integridad Democrática,Wolfgang Grozo,,30,93
Integridad Democrática,Wolfgang Grozo,,31,88.1
Integridad Democrática,Wolfgang Grozo,,32,83.9
Integridad Democrática,Wolfgang Grozo,,33,82.5
Integridad Democrática,Wolfgang Grozo,,34,83.2
Integridad Democrática,Wolfgang Grozo,,35,83.9
Integridad Democrática,Wolfgang Grozo,,36,82.5
Integridad Democrática,Wolfgang Grozo,,37,83.9
Integridad Democrática,Wolfgang Grozo,,38,91.6
Integridad Democrática,Wolfgang Grozo,,39,99.3
Integridad Democrática,Wolfgang Grozo,,40,100
Integridad Democrática,Wolfgang Grozo,,41,99.3
Integridad Democrática,Wolfgang Grozo,,42,100
Integridad Democrática,Wolfgang Grozo,,43,99.3
Integridad Democrática,Wolfgang Grozo,,44,96.5
Integridad Democrática,Wolfgang Grozo,,45,94.4
Integridad Democrática,Wolfgang Grozo,,46,95.1
Integridad Democrática,Wolfgang Grozo,,47,97.9
Integridad Democrática,Wolfgang Grozo,,48,100
Integridad Democrática,Wolfgang Grozo,,49,100
Integridad Democrática,Wolfgang Grozo,,50,99.3
Integridad Democrática,Wolfgang Grozo,,51,100
Integridad Democrática,Wolfgang Grozo,,52,99.3
Integridad Democrática,Wolfgang Grozo,,53,96.5
Integridad Democrática,Wolfgang Grozo,,54,94.4
Integridad Democrática,Wolfgang Grozo,,55,92.3
Integridad Democrática,Wolfgang Grozo,,56,90.9
Integridad Democrática,Wolfgang Grozo,,57,91.6
Integridad Democrática,Wolfgang Grozo,,58,91.6
Integridad Democrática,Wolfgang Grozo,,59,91.6
Integridad Democrática,Wolfgang Grozo,,60,91.6
Juntos Por el Perú,Roberto Sánchez,,1,2.1
Juntos Por el Perú,Roberto Sánchez,,2,1.4
Juntos Por el Perú,Roberto Sánchez,,3,2.1
Juntos Por el Perú,Roberto Sánchez,,4,2.1
Juntos Por el Perú,Roberto Sánchez,,5,1.4
Juntos Por el Perú,Roberto Sánchez,,6,2.1
Juntos Por el Perú,Roberto Sánchez,,7,2.1
Juntos Por el Perú,Roberto Sánchez,,8,1.4
Juntos Por el Perú,Roberto Sánchez,,9,2.1
Juntos Por el Perú,Roberto Sánchez,,10,7
Juntos Por el Perú,Roberto Sánchez,,11,14.7
Juntos Por el Perú,Roberto Sánchez,,12,18.9
Juntos Por el Perú,Roberto Sánchez,,13,18.2
Juntos Por el Perú,Roberto Sánchez,,14,10.5
Juntos Por el Perú,Roberto Sánchez,,15,2.8
Juntos Por el Perú,Roberto Sánchez,,16,1.4
Juntos Por el Perú,Roberto Sánchez,,17,1.4
Juntos Por el Perú,Roberto Sánchez,,18,2.1
Juntos Por el Perú,Roberto Sánchez,,19,1.4
Juntos Por el Perú,Roberto Sánchez,,20,2.1
Juntos Por el Perú,Roberto Sánchez,,21,2.1
Juntos Por el Perú,Roberto Sánchez,,22,1.4
Juntos Por el Perú,Roberto Sánchez,,23,2.1
Juntos Por el Perú,Roberto Sánchez,,24,1.4
Juntos Por el Perú,Roberto Sánchez,,25,2.1
Juntos Por el Perú,Roberto Sánchez,,26,2.1
Juntos Por el Perú,Roberto Sánchez,,27,1.4
Juntos Por el Perú,Roberto Sánchez,,28,2.1
Juntos Por el Perú,Roberto Sánchez,,29,2.1
Juntos Por el Perú,Roberto Sánchez,,30,1.4
Juntos Por el Perú,Roberto Sánchez,,31,2.1
Juntos Por el Perú,Roberto Sánchez,,32,2.1
Juntos Por el Perú,Roberto Sánchez,,33,1.4
Juntos Por el Perú,Roberto Sánchez,,34,2.1
Juntos Por el Perú,Roberto Sánchez,,35,1.4
Juntos Por el Perú,Roberto Sánchez,,36,1.4
Juntos Por el Perú,Roberto Sánchez,,37,2.8
Juntos Por el Perú,Roberto Sánchez,,38,10.5
Juntos Por el Perú,Roberto Sánchez,,39,18.2
Juntos Por el Perú,Roberto Sánchez,,40,18.9
Juntos Por el Perú,Roberto Sánchez,,41,14
Juntos Por el Perú,Roberto Sánchez,,42,4.2
Juntos Por el Perú,Roberto Sánchez,,43,1.4
Juntos Por el Perú,Roberto Sánchez,,44,1.4
Juntos Por el Perú,Roberto Sánchez,,45,2.1
Juntos Por el Perú,Roberto Sánchez,,46,2.1
Juntos Por el Perú,Roberto Sánchez,,47,2.1
Juntos Por el Perú,Roberto Sánchez,,48,1.4
Juntos Por el Perú,Roberto Sánchez,,49,2.1
Juntos Por el Perú,Roberto Sánchez,,50,2.1
Juntos Por el Perú,Roberto Sánchez,,51,2.1
Juntos Por el Perú,Roberto Sánchez,,52,1.4
Juntos Por el Perú,Roberto Sánchez,,53,2.1
Juntos Por el Perú,Roberto Sánchez,,54,1.4
Juntos Por el Perú,Roberto Sánchez,,55,2.1
Juntos Por el Perú,Roberto Sánchez,,56,2.1
Juntos Por el Perú,Roberto Sánchez,,57,2.1
Juntos Por el Perú,Roberto Sánchez,,58,2.1
Juntos Por el Perú,Roberto Sánchez,,59,2.1
Juntos Por el Perú,Roberto Sánchez,,60,2.1
Libertad Popular,Rafael Belaúnde,,1,6.3
Libertad Popular,Rafael Belaúnde,,2,14
Libertad Popular,Rafael Belaúnde,,3,18.9
Libertad Popular,Rafael Belaúnde,,4,18.9
Libertad Popular,Rafael Belaúnde,,5,18.2
Libertad Popular,Rafael Belaúnde,,6,18.9
Libertad Popular,Rafael Belaúnde,,7,18.2
Libertad Popular,Rafael Belaúnde,,8,18.2
Libertad Popular,Rafael Belaúnde,,9,18.9
Libertad Popular,Rafael Belaúnde,,10,18.2
Libertad Popular,Rafael Belaúnde,,11,20.3
Libertad Popular,Rafael Belaúnde,,12,35
Libertad Popular,Rafael Belaúnde,,13,50.3
Libertad Popular,Rafael Belaúnde,,14,51
Libertad Popular,Rafael Belaúnde,,15,46.9
Libertad Popular,Rafael Belaúnde,,16,37.1
Libertad Popular,Rafael Belaúnde,,17,44.8
Libertad Popular,Rafael Belaúnde,,18,51
Libertad Popular,Rafael Belaúnde,,19,51
Libertad Popular,Rafael Belaúnde,,20,35.7
Libertad Popular,Rafael Belaúnde,,21,25.9
Libertad Popular,Rafael Belaúnde,,22,42
Libertad Popular,Rafael Belaúnde,,23,51
Libertad Popular,Rafael Belaúnde,,24,51
Libertad Popular,Rafael Belaúnde,,25,37.1
Libertad Popular,Rafael Belaúnde,,26,21
Libertad Popular,Rafael Belaúnde,,27,28.7
Libertad Popular,Rafael Belaúnde,,28,35
Libertad Popular,Rafael Belaúnde,,29,35
Libertad Popular,Rafael Belaúnde,,30,29.4
Libertad Popular,Rafael Belaúnde,,31,20.3
Libertad Popular,Rafael Belaúnde,,32,13.3
Libertad Popular,Rafael Belaúnde,,33,5.6
Libertad Popular,Rafael Belaúnde,,34,2.8
Libertad Popular,Rafael Belaúnde,,35,8.4
Libertad Popular,Rafael Belaúnde,,36,19.6
Libertad Popular,Rafael Belaúnde,,37,45.5
Libertad Popular,Rafael Belaúnde,,38,67.8
Libertad Popular,Rafael Belaúnde,,39,67.8
Libertad Popular,Rafael Belaúnde,,40,67.1
Libertad Popular,Rafael Belaúnde,,41,67.8
Libertad Popular,Rafael Belaúnde,,42,67.1
Libertad Popular,Rafael Belaúnde,,43,68.5
Libertad Popular,Rafael Belaúnde,,44,87.4
Libertad Popular,Rafael Belaúnde,,45,100
Libertad Popular,Rafael Belaúnde,,46,100
Libertad Popular,Rafael Belaúnde,,47,96.5
Libertad Popular,Rafael Belaúnde,,48,90.9
Libertad Popular,Rafael Belaúnde,,49,83.2
Libertad Popular,Rafael Belaúnde,,50,53.8
Libertad Popular,Rafael Belaúnde,,51,47.6
Libertad Popular,Rafael Belaúnde,,52,67.1
Libertad Popular,Rafael Belaúnde,,53,67.8
Libertad Popular,Rafael Belaúnde,,54,60.1
Libertad Popular,Rafael Belaúnde,,55,36.4
Libertad Popular,Rafael Belaúnde,,56,18.9
Libertad Popular,Rafael Belaúnde,,57,18.2
Libertad Popular,Rafael Belaúnde,,58,18.2
Libertad Popular,Rafael Belaúnde,,59,18.2
Libertad Popular,Rafael Belaúnde,,60,18.2
País Para Todos,Carlos Álvarez,,1,100
País Para Todos,Carlos Álvarez,,2,72.7
País Para Todos,Carlos Álvarez,,3,28.7
País Para Todos,Carlos Álvarez,,4,5.6
País Para Todos,Carlos Álvarez,,5,18.9
País Para Todos,Carlos Álvarez,,6,30.8
País Para Todos,Carlos Álvarez,,7,35
País Para Todos,Carlos Álvarez,,8,32.9
País Para Todos,Carlos Álvarez,,9,22.4
País Para Todos,Carlos Álvarez,,10,9.1
País Para Todos,Carlos Álvarez,,11,2.1
País Para Todos,Carlos Álvarez,,12,2.1
País Para Todos,Carlos Álvarez,,13,2.1
País Para Todos,Carlos Álvarez,,14,1.4
País Para Todos,Carlos Álvarez,,15,2.1
País Para Todos,Carlos Álvarez,,16,1.4
País Para Todos,Carlos Álvarez,,17,1.4
País Para Todos,Carlos Álvarez,,18,2.1
País Para Todos,Carlos Álvarez,,19,1.4
País Para Todos,Carlos Álvarez,,20,2.1
País Para Todos,Carlos Álvarez,,21,1.4
País Para Todos,Carlos Álvarez,,22,1.4
País Para Todos,Carlos Álvarez,,23,2.1
País Para Todos,Carlos Álvarez,,24,1.4
País Para Todos,Carlos Álvarez,,25,2.1
País Para Todos,Carlos Álvarez,,26,1.4
País Para Todos,Carlos Álvarez,,27,2.1
País Para Todos,Carlos Álvarez,,28,17.5
País Para Todos,Carlos Álvarez,,29,34.3
País Para Todos,Carlos Álvarez,,30,35
País Para Todos,Carlos Álvarez,,31,33.6
País Para Todos,Carlos Álvarez,,32,35
País Para Todos,Carlos Álvarez,,33,33.6
País Para Todos,Carlos Álvarez,,34,35.7
País Para Todos,Carlos Álvarez,,35,55.2
País Para Todos,Carlos Álvarez,,36,67.8
País Para Todos,Carlos Álvarez,,37,67.8
País Para Todos,Carlos Álvarez,,38,67.1
País Para Todos,Carlos Álvarez,,39,67.8
País Para Todos,Carlos Álvarez,,40,67.8
País Para Todos,Carlos Álvarez,,41,67.8
País Para Todos,Carlos Álvarez,,42,67.8
País Para Todos,Carlos Álvarez,,43,67.1
País Para Todos,Carlos Álvarez,,44,67.8
País Para Todos,Carlos Álvarez,,45,67.1
País Para Todos,Carlos Álvarez,,46,67.8
País Para Todos,Carlos Álvarez,,47,65
País Para Todos,Carlos Álvarez,,48,54.5
País Para Todos,Carlos Álvarez,,49,39.2
País Para Todos,Carlos Álvarez,,50,23.8
País Para Todos,Carlos Álvarez,,51,6.3
País Para Todos,Carlos Álvarez,,52,35.7
País Para Todos,Carlos Álvarez,,53,62.9
País Para Todos,Carlos Álvarez,,54,67.8
País Para Todos,Carlos Álvarez,,55,67.1
País Para Todos,Carlos Álvarez,,56,67.1
País Para Todos,Carlos Álvarez,,57,67.1
País Para Todos,Carlos Álvarez,,58,67.1
País Para Todos,Carlos Álvarez,,59,67.1
País Para Todos,Carlos Álvarez,,60,67.1
Partido Cívico Obras,Ricardo Belmont,,1,2.1
Partido Cívico Obras,Ricardo Belmont,,2,1.4
Partido Cívico Obras,Ricardo Belmont,,3,2.1
Partido Cívico Obras,Ricardo Belmont,,4,1.4
Partido Cívico Obras,Ricardo Belmont,,5,2.1
Partido Cívico Obras,Ricardo Belmont,,6,2.1
Partido Cívico Obras,Ricardo Belmont,,7,1.4
Partido Cívico Obras,Ricardo Belmont,,8,2.1
Partido Cívico Obras,Ricardo Belmont,,9,2.1
Partido Cívico Obras,Ricardo Belmont,,10,1.4
Partido Cívico Obras,Ricardo Belmont,,11,2.1
Partido Cívico Obras,Ricardo Belmont,,12,1.4
Partido Cívico Obras,Ricardo Belmont,,13,2.1
Partido Cívico Obras,Ricardo Belmont,,14,2.1
Partido Cívico Obras,Ricardo Belmont,,15,1.4
Partido Cívico Obras,Ricardo Belmont,,16,2.1
Partido Cívico Obras,Ricardo Belmont,,17,1.4
Partido Cívico Obras,Ricardo Belmont,,18,1.4
Partido Cívico Obras,Ricardo Belmont,,19,2.1
Partido Cívico Obras,Ricardo Belmont,,20,1.4
Partido Cívico Obras,Ricardo Belmont,,21,2.1
Partido Cívico Obras,Ricardo Belmont,,22,1.4
Partido Cívico Obras,Ricardo Belmont,,23,1.4
Partido Cívico Obras,Ricardo Belmont,,24,2.1
Partido Cívico Obras,Ricardo Belmont,,25,2.1
Partido Cívico Obras,Ricardo Belmont,,26,2.1
Partido Cívico Obras,Ricardo Belmont,,27,2.1
Partido Cívico Obras,Ricardo Belmont,,28,2.1
Partido Cívico Obras,Ricardo Belmont,,29,43.4
Partido Cívico Obras,Ricardo Belmont,,30,99.3
Partido Cívico Obras,Ricardo Belmont,,31,100
Partido Cívico Obras,Ricardo Belmont,,32,67.8
Partido Cívico Obras,Ricardo Belmont,,33,2.1
Partido Cívico Obras,Ricardo Belmont,,34,2.1
Partido Cívico Obras,Ricardo Belmont,,35,2.1
Partido Cívico Obras,Ricardo Belmont,,36,2.1
Partido Cívico Obras,Ricardo Belmont,,37,2.1
Partido Cívico Obras,Ricardo Belmont,,38,2.1
Partido Cívico Obras,Ricardo Belmont,,39,2.1
Partido Cívico Obras,Ricardo Belmont,,40,2.1
Partido Cívico Obras,Ricardo Belmont,,41,2.1
Partido Cívico Obras,Ricardo Belmont,,42,2.1
Partido Cívico Obras,Ricardo Belmont,,43,100
Partido Cívico Obras,Ricardo Belmont,,44,99.3
Partido Cívico Obras,Ricardo Belmont,,45,2.1
Partido Cívico Obras,Ricardo Belmont,,46,2.1
Partido Cívico Obras,Ricardo Belmont,,47,2.1
Partido Cívico Obras,Ricardo Belmont,,48,1.4
Partido Cívico Obras,Ricardo Belmont,,49,2.1
Partido Cívico Obras,Ricardo Belmont,,50,2.1
Partido Cívico Obras,Ricardo Belmont,,51,2.1
Partido Cívico Obras,Ricardo Belmont,,52,2.1
Partido Cívico Obras,Ricardo Belmont,,53,2.1
Partido Cívico Obras,Ricardo Belmont,,54,61.5
Partido Cívico Obras,Ricardo Belmont,,55,100
Partido Cívico Obras,Ricardo Belmont,,56,99.3
Partido Cívico Obras,Ricardo Belmont,,57,99.3
Partido Cívico Obras,Ricardo Belmont,,58,99.3
Partido Cívico Obras,Ricardo Belmont,,59,99.3
Partido Cívico Obras,Ricardo Belmont,,60,99.3
Partido del Buen Gobierno,Jorge Nieto,,1,2.8
Partido del Buen Gobierno,Jorge Nieto,,2,5.6
Partido del Buen Gobierno,Jorge Nieto,,3,8.4
Partido del Buen Gobierno,Jorge Nieto,,4,11.9
Partido del Buen Gobierno,Jorge Nieto,,5,16.1
Partido del Buen Gobierno,Jorge Nieto,,6,18.2
Partido del Buen Gobierno,Jorge Nieto,,7,21.7
Partido del Buen Gobierno,Jorge Nieto,,8,30.1
Partido del Buen Gobierno,Jorge Nieto,,9,40.6
Partido del Buen Gobierno,Jorge Nieto,,10,59.4
Partido del Buen Gobierno,Jorge Nieto,,11,72
Partido del Buen Gobierno,Jorge Nieto,,12,72
Partido del Buen Gobierno,Jorge Nieto,,13,71.3
Partido del Buen Gobierno,Jorge Nieto,,14,72
Partido del Buen Gobierno,Jorge Nieto,,15,70.6
Partido del Buen Gobierno,Jorge Nieto,,16,71.3
Partido del Buen Gobierno,Jorge Nieto,,17,72
Partido del Buen Gobierno,Jorge Nieto,,18,68.5
Partido del Buen Gobierno,Jorge Nieto,,19,62.9
Partido del Buen Gobierno,Jorge Nieto,,20,58
Partido del Buen Gobierno,Jorge Nieto,,21,51
Partido del Buen Gobierno,Jorge Nieto,,22,45.5
Partido del Buen Gobierno,Jorge Nieto,,23,45.5
Partido del Buen Gobierno,Jorge Nieto,,24,51
Partido del Buen Gobierno,Jorge Nieto,,25,62.9
Partido del Buen Gobierno,Jorge Nieto,,26,87.4
Partido del Buen Gobierno,Jorge Nieto,,27,100
Partido del Buen Gobierno,Jorge Nieto,,28,100
Partido del Buen Gobierno,Jorge Nieto,,29,88.8
Partido del Buen Gobierno,Jorge Nieto,,30,73.4
Partido del Buen Gobierno,Jorge Nieto,,31,64.3
Partido del Buen Gobierno,Jorge Nieto,,32,58.7
Partido del Buen Gobierno,Jorge Nieto,,33,58.7
Partido del Buen Gobierno,Jorge Nieto,,34,64.3
Partido del Buen Gobierno,Jorge Nieto,,35,73.4
Partido del Buen Gobierno,Jorge Nieto,,36,88.8
Partido del Buen Gobierno,Jorge Nieto,,37,100
Partido del Buen Gobierno,Jorge Nieto,,38,100
Partido del Buen Gobierno,Jorge Nieto,,39,99.3
Partido del Buen Gobierno,Jorge Nieto,,40,100
Partido del Buen Gobierno,Jorge Nieto,,41,100
Partido del Buen Gobierno,Jorge Nieto,,42,93.7
Partido del Buen Gobierno,Jorge Nieto,,43,82.5
Partido del Buen Gobierno,Jorge Nieto,,44,71.3
Partido del Buen Gobierno,Jorge Nieto,,45,35.7
Partido del Buen Gobierno,Jorge Nieto,,46,9.8
Partido del Buen Gobierno,Jorge Nieto,,47,56.6
Partido del Buen Gobierno,Jorge Nieto,,48,99.3
Partido del Buen Gobierno,Jorge Nieto,,49,100
Partido del Buen Gobierno,Jorge Nieto,,50,99.3
Partido del Buen Gobierno,Jorge Nieto,,51,100
Partido del Buen Gobierno,Jorge Nieto,,52,100
Partido del Buen Gobierno,Jorge Nieto,,53,87.4
Partido del Buen Gobierno,Jorge Nieto,,54,55.9
Partido del Buen Gobierno,Jorge Nieto,,55,32.9
Partido del Buen Gobierno,Jorge Nieto,,56,14
Partido del Buen Gobierno,Jorge Nieto,,57,2.1
Partido del Buen Gobierno,Jorge Nieto,,58,2.1
Partido del Buen Gobierno,Jorge Nieto,,59,2.1
Partido del Buen Gobierno,Jorge Nieto,,60,2.1
Partido Demócrata Verde,Alex Gonzales,,1,25.9
Partido Demócrata Verde,Alex Gonzales,,2,58.7
Partido Demócrata Verde,Alex Gonzales,,3,82.5
Partido Demócrata Verde,Alex Gonzales,,4,86.7
Partido Demócrata Verde,Alex Gonzales,,5,90.9
Partido Demócrata Verde,Alex Gonzales,,6,95.1
Partido Demócrata Verde,Alex Gonzales,,7,97.2
Partido Demócrata Verde,Alex Gonzales,,8,99.3
Partido Demócrata Verde,Alex Gonzales,,9,100
Partido Demócrata Verde,Alex Gonzales,,10,93
Partido Demócrata Verde,Alex Gonzales,,11,72
Partido Demócrata Verde,Alex Gonzales,,12,67.1
Partido Demócrata Verde,Alex Gonzales,,13,90.2
Partido Demócrata Verde,Alex Gonzales,,14,91.6
Partido Demócrata Verde,Alex Gonzales,,15,93.7
Partido Demócrata Verde,Alex Gonzales,,16,95.1
Partido Demócrata Verde,Alex Gonzales,,17,95.1
Partido Demócrata Verde,Alex Gonzales,,18,94.4
Partido Demócrata Verde,Alex Gonzales,,19,95.1
Partido Demócrata Verde,Alex Gonzales,,20,95.1
Partido Demócrata Verde,Alex Gonzales,,21,94.4
Partido Demócrata Verde,Alex Gonzales,,22,95.1
Partido Demócrata Verde,Alex Gonzales,,23,95.1
Partido Demócrata Verde,Alex Gonzales,,24,90.9
Partido Demócrata Verde,Alex Gonzales,,25,86.7
Partido Demócrata Verde,Alex Gonzales,,26,86
Partido Demócrata Verde,Alex Gonzales,,27,86.7
Partido Demócrata Verde,Alex Gonzales,,28,86.7
Partido Demócrata Verde,Alex Gonzales,,29,82.5
Partido Demócrata Verde,Alex Gonzales,,30,78.3
Partido Demócrata Verde,Alex Gonzales,,31,83.2
Partido Demócrata Verde,Alex Gonzales,,32,90.9
Partido Demócrata Verde,Alex Gonzales,,33,95.8
Partido Demócrata Verde,Alex Gonzales,,34,98.6
Partido Demócrata Verde,Alex Gonzales,,35,100
Partido Demócrata Verde,Alex Gonzales,,36,100
Partido Demócrata Verde,Alex Gonzales,,37,97.2
Partido Demócrata Verde,Alex Gonzales,,38,95.8
Partido Demócrata Verde,Alex Gonzales,,39,95.1
Partido Demócrata Verde,Alex Gonzales,,40,97.9
Partido Demócrata Verde,Alex Gonzales,,41,100
Partido Demócrata Verde,Alex Gonzales,,42,100
Partido Demócrata Verde,Alex Gonzales,,43,99.3
Partido Demócrata Verde,Alex Gonzales,,44,100
Partido Demócrata Verde,Alex Gonzales,,45,100
Partido Demócrata Verde,Alex Gonzales,,46,99.3
Partido Demócrata Verde,Alex Gonzales,,47,100
Partido Demócrata Verde,Alex Gonzales,,48,99.3
Partido Demócrata Verde,Alex Gonzales,,49,99.3
Partido Demócrata Verde,Alex Gonzales,,50,100
Partido Demócrata Verde,Alex Gonzales,,51,98.6
Partido Demócrata Verde,Alex Gonzales,,52,96.5
Partido Demócrata Verde,Alex Gonzales,,53,95.1
Partido Demócrata Verde,Alex Gonzales,,54,97.2
Partido Demócrata Verde,Alex Gonzales,,55,100
Partido Demócrata Verde,Alex Gonzales,,56,100
Partido Demócrata Verde,Alex Gonzales,,57,99.3
Partido Demócrata Verde,Alex Gonzales,,58,99.3
Partido Demócrata Verde,Alex Gonzales,,59,99.3
Partido Demócrata Verde,Alex Gonzales,,60,99.3
Partido Morado,Mesías Guevara,,1,72
Partido Morado,Mesías Guevara,,2,84.6
Partido Morado,Mesías Guevara,,3,93.7
Partido Morado,Mesías Guevara,,4,97.2
Partido Morado,Mesías Guevara,,5,97.2
Partido Morado,Mesías Guevara,,6,95.8
Partido Morado,Mesías Guevara,,7,95.1
Partido Morado,Mesías Guevara,,8,95.1
Partido Morado,Mesías Guevara,,9,90.2
Partido Morado,Mesías Guevara,,10,81.1
Partido Morado,Mesías Guevara,,11,82.5
Partido Morado,Mesías Guevara,,12,92.3
Partido Morado,Mesías Guevara,,13,92.3
Partido Morado,Mesías Guevara,,14,89.5
Partido Morado,Mesías Guevara,,15,83.9
Partido Morado,Mesías Guevara,,16,84.6
Partido Morado,Mesías Guevara,,17,92.3
Partido Morado,Mesías Guevara,,18,97.2
Partido Morado,Mesías Guevara,,19,97.2
Partido Morado,Mesías Guevara,,20,92.3
Partido Morado,Mesías Guevara,,21,87.4
Partido Morado,Mesías Guevara,,22,89.5
Partido Morado,Mesías Guevara,,23,94.4
Partido Morado,Mesías Guevara,,24,97.2
Partido Morado,Mesías Guevara,,25,98.6
Partido Morado,Mesías Guevara,,26,99.3
Partido Morado,Mesías Guevara,,27,100
Partido Morado,Mesías Guevara,,28,98.6
Partido Morado,Mesías Guevara,,29,97.2
Partido Morado,Mesías Guevara,,30,97.2
Partido Morado,Mesías Guevara,,31,98.6
Partido Morado,Mesías Guevara,,32,100
Partido Morado,Mesías Guevara,,33,100
Partido Morado,Mesías Guevara,,34,97.9
Partido Morado,Mesías Guevara,,35,97.2
Partido Morado,Mesías Guevara,,36,97.9
Partido Morado,Mesías Guevara,,37,100
Partido Morado,Mesías Guevara,,38,100
Partido Morado,Mesías Guevara,,39,98.6
Partido Morado,Mesías Guevara,,40,97.2
Partido Morado,Mesías Guevara,,41,97.2
Partido Morado,Mesías Guevara,,42,92.3
Partido Morado,Mesías Guevara,,43,89.5
Partido Morado,Mesías Guevara,,44,90.9
Partido Morado,Mesías Guevara,,45,94.4
Partido Morado,Mesías Guevara,,46,97.2
Partido Morado,Mesías Guevara,,47,98.6
Partido Morado,Mesías Guevara,,48,99.3
Partido Morado,Mesías Guevara,,49,100
Partido Morado,Mesías Guevara,,50,97.2
Partido Morado,Mesías Guevara,,51,90.9
Partido Morado,Mesías Guevara,,52,87.4
Partido Morado,Mesías Guevara,,53,91.6
Partido Morado,Mesías Guevara,,54,95.1
Partido Morado,Mesías Guevara,,55,95.1
Partido Morado,Mesías Guevara,,56,67.8
Partido Morado,Mesías Guevara,,57,26.6
Partido Morado,Mesías Guevara,,58,26.6
Partido Morado,Mesías Guevara,,59,26.6
Partido Morado,Mesías Guevara,,60,26.6
Partido Patriótico del Perú,Herbert Caller,,1,2.1
Partido Patriótico del Perú,Herbert Caller,,2,2.1
Partido Patriótico del Perú,Herbert Caller,,3,2.1
Partido Patriótico del Perú,Herbert Caller,,4,2.1
Partido Patriótico del Perú,Herbert Caller,,5,2.1
Partido Patriótico del Perú,Herbert Caller,,6,2.1
Partido Patriótico del Perú,Herbert Caller,,7,2.1
Partido Patriótico del Perú,Herbert Caller,,8,2.1
Partido Patriótico del Perú,Herbert Caller,,9,2.1
Partido Patriótico del Perú,Herbert Caller,,10,2.1
Partido Patriótico del Perú,Herbert Caller,,11,2.1
Partido Patriótico del Perú,Herbert Caller,,12,2.1
Partido Patriótico del Perú,Herbert Caller,,13,2.1
Partido Patriótico del Perú,Herbert Caller,,14,2.1
Partido Patriótico del Perú,Herbert Caller,,15,2.1
Partido Patriótico del Perú,Herbert Caller,,16,2.1
Partido Patriótico del Perú,Herbert Caller,,17,1.4
Partido Patriótico del Perú,Herbert Caller,,18,2.1
Partido Patriótico del Perú,Herbert Caller,,19,2.1
Partido Patriótico del Perú,Herbert Caller,,20,2.1
Partido Patriótico del Perú,Herbert Caller,,21,2.1
Partido Patriótico del Perú,Herbert Caller,,22,2.1
Partido Patriótico del Perú,Herbert Caller,,23,2.1
Partido Patriótico del Perú,Herbert Caller,,24,2.1
Partido Patriótico del Perú,Herbert Caller,,25,2.1
Partido Patriótico del Perú,Herbert Caller,,26,2.1
Partido Patriótico del Perú,Herbert Caller,,27,2.1
Partido Patriótico del Perú,Herbert Caller,,28,28.7
Partido Patriótico del Perú,Herbert Caller,,29,100
Partido Patriótico del Perú,Herbert Caller,,30,100
Partido Patriótico del Perú,Herbert Caller,,31,25.2
Partido Patriótico del Perú,Herbert Caller,,32,2.1
Partido Patriótico del Perú,Herbert Caller,,33,2.1
Partido Patriótico del Perú,Herbert Caller,,34,2.1
Partido Patriótico del Perú,Herbert Caller,,35,1.4
Partido Patriótico del Perú,Herbert Caller,,36,2.1
Partido Patriótico del Perú,Herbert Caller,,37,2.1
Partido Patriótico del Perú,Herbert Caller,,38,2.1
Partido Patriótico del Perú,Herbert Caller,,39,2.1
Partido Patriótico del Perú,Herbert Caller,,40,2.1
Partido Patriótico del Perú,Herbert Caller,,41,2.1
Partido Patriótico del Perú,Herbert Caller,,42,2.1
Partido Patriótico del Perú,Herbert Caller,,43,2.1
Partido Patriótico del Perú,Herbert Caller,,44,2.1
Partido Patriótico del Perú,Herbert Caller,,45,2.1
Partido Patriótico del Perú,Herbert Caller,,46,2.1
Partido Patriótico del Perú,Herbert Caller,,47,2.1
Partido Patriótico del Perú,Herbert Caller,,48,2.1
Partido Patriótico del Perú,Herbert Caller,,49,2.1
Partido Patriótico del Perú,Herbert Caller,,50,2.1
Partido Patriótico del Perú,Herbert Caller,,51,2.1
Partido Patriótico del Perú,Herbert Caller,,52,2.1
Partido Patriótico del Perú,Herbert Caller,,53,2.1
Partido Patriótico del Perú,Herbert Caller,,54,2.1
Partido Patriótico del Perú,Herbert Caller,,55,2.1
Partido Patriótico del Perú,Herbert Caller,,56,2.1
Partido Patriótico del Perú,Herbert Caller,,57,1.4
Partido Patriótico del Perú,Herbert Caller,,58,1.4
Partido Patriótico del Perú,Herbert Caller,,59,1.4
Partido Patriótico del Perú,Herbert Caller,,60,1.4
Perú Acción,Francisco Diez Canseco,,1,0
Perú Acción,Francisco Diez Canseco,,2,0
Perú Acción,Francisco Diez Canseco,,3,0
Perú Acción,Francisco Diez Canseco,,4,0
Perú Acción,Francisco Diez Canseco,,5,0
Perú Acción,Francisco Diez Canseco,,6,0
Perú Acción,Francisco Diez Canseco,,7,0
Perú Acción,Francisco Diez Canseco,,8,0
Perú Acción,Francisco Diez Canseco,,9,0
Perú Acción,Francisco Diez Canseco,,10,0
Perú Acción,Francisco Diez Canseco,,11,0
Perú Acción,Francisco Diez Canseco,,12,0
Perú Acción,Francisco Diez Canseco,,13,0
Perú Acción,Francisco Diez Canseco,,14,0
Perú Acción,Francisco Diez Canseco,,15,0
Perú Acción,Francisco Diez Canseco,,16,0
Perú Acción,Francisco Diez Canseco,,17,0
Perú Acción,Francisco Diez Canseco,,18,0
Perú Acción,Francisco Diez Canseco,,19,0
Perú Acción,Francisco Diez Canseco,,20,0
Perú Acción,Francisco Diez Canseco,,21,0
Perú Acción,Francisco Diez Canseco,,22,0
Perú Acción,Francisco Diez Canseco,,23,0
Perú Acción,Francisco Diez Canseco,,24,0
Perú Acción,Francisco Diez Canseco,,25,0
Perú Acción,Francisco Diez Canseco,,26,0
Perú Acción,Francisco Diez Canseco,,27,0
Perú Acción,Francisco Diez Canseco,,28,0
Perú Acción,Francisco Diez Canseco,,29,0
Perú Acción,Francisco Diez Canseco,,30,0
Perú Acción,Francisco Diez Canseco,,31,0
Perú Acción,Francisco Diez Canseco,,32,0
Perú Acción,Francisco Diez Canseco,,33,0
Perú Acción,Francisco Diez Canseco,,34,0
Perú Acción,Francisco Diez Canseco,,35,0
Perú Acción,Francisco Diez Canseco,,36,0
Perú Acción,Francisco Diez Canseco,,37,0
Perú Acción,Francisco Diez Canseco,,38,0
Perú Acción,Francisco Diez Canseco,,39,0
Perú Acción,Francisco Diez Canseco,,40,0
Perú Acción,Francisco Diez Canseco,,41,0
Perú Acción,Francisco Diez Canseco,,42,0
Perú Acción,Francisco Diez Canseco,,43,0
Perú Acción,Francisco Diez Canseco,,44,0
Perú Acción,Francisco Diez Canseco,,45,0
Perú Acción,Francisco Diez Canseco,,46,0
Perú Acción,Francisco Diez Canseco,,47,0
Perú Acción,Francisco Diez Canseco,,48,0
Perú Acción,Francisco Diez Canseco,,49,0
Perú Acción,Francisco Diez Canseco,,50,0
Perú Acción,Francisco Diez Canseco,,51,0
Perú Acción,Francisco Diez Canseco,,52,0
Perú Acción,Francisco Diez Canseco,,53,0
Perú Acción,Francisco Diez Canseco,,54,0
Perú Acción,Francisco Diez Canseco,,55,0
Perú Acción,Francisco Diez Canseco,,56,0
Perú Acción,Francisco Diez Canseco,,57,0
Perú Acción,Francisco Diez Canseco,,58,0
Perú Acción,Francisco Diez Canseco,,59,0
Perú Acción,Francisco Diez Canseco,,60,0
Perú Libre,Vladimir Cerrón,,1,35
Perú Libre,Vladimir Cerrón,,2,30.8
Perú Libre,Vladimir Cerrón,,3,27.3
Perú Libre,Vladimir Cerrón,,4,23.8
Perú Libre,Vladimir Cerrón,,5,21.7
Perú Libre,Vladimir Cerrón,,6,21.7
Perú Libre,Vladimir Cerrón,,7,21
Perú Libre,Vladimir Cerrón,,8,21.7
Perú Libre,Vladimir Cerrón,,9,21.7
Perú Libre,Vladimir Cerrón,,10,9.8
Perú Libre,Vladimir Cerrón,,11,32.9
Perú Libre,Vladimir Cerrón,,12,81.8
Perú Libre,Vladimir Cerrón,,13,100
Perú Libre,Vladimir Cerrón,,14,100
Perú Libre,Vladimir Cerrón,,15,83.2
Perú Libre,Vladimir Cerrón,,16,56.6
Perú Libre,Vladimir Cerrón,,17,40.6
Perú Libre,Vladimir Cerrón,,18,11.9
Perú Libre,Vladimir Cerrón,,19,2.1
Perú Libre,Vladimir Cerrón,,20,1.4
Perú Libre,Vladimir Cerrón,,21,2.1
Perú Libre,Vladimir Cerrón,,22,1.4
Perú Libre,Vladimir Cerrón,,23,1.4
Perú Libre,Vladimir Cerrón,,24,7.7
Perú Libre,Vladimir Cerrón,,25,45.5
Perú Libre,Vladimir Cerrón,,26,79.7
Perú Libre,Vladimir Cerrón,,27,80.4
Perú Libre,Vladimir Cerrón,,28,72.7
Perú Libre,Vladimir Cerrón,,29,44.8
Perú Libre,Vladimir Cerrón,,30,22.4
Perú Libre,Vladimir Cerrón,,31,29.4
Perú Libre,Vladimir Cerrón,,32,42
Perú Libre,Vladimir Cerrón,,33,62.2
Perú Libre,Vladimir Cerrón,,34,80.4
Perú Libre,Vladimir Cerrón,,35,80.4
Perú Libre,Vladimir Cerrón,,36,67.8
Perú Libre,Vladimir Cerrón,,37,29.4
Perú Libre,Vladimir Cerrón,,38,9.1
Perú Libre,Vladimir Cerrón,,39,21
Perú Libre,Vladimir Cerrón,,40,21.7
Perú Libre,Vladimir Cerrón,,41,21
Perú Libre,Vladimir Cerrón,,42,21.7
Perú Libre,Vladimir Cerrón,,43,21.7
Perú Libre,Vladimir Cerrón,,44,16.8
Perú Libre,Vladimir Cerrón,,45,7
Perú Libre,Vladimir Cerrón,,46,39.2
Perú Libre,Vladimir Cerrón,,47,80.4
Perú Libre,Vladimir Cerrón,,48,80.4
Perú Libre,Vladimir Cerrón,,49,76.9
Perú Libre,Vladimir Cerrón,,50,67.1
Perú Libre,Vladimir Cerrón,,51,51
Perú Libre,Vladimir Cerrón,,52,24.5
Perú Libre,Vladimir Cerrón,,53,8.4
Perú Libre,Vladimir Cerrón,,54,28
Perú Libre,Vladimir Cerrón,,55,41.3
Perú Libre,Vladimir Cerrón,,56,41.3
Perú Libre,Vladimir Cerrón,,57,40.6
Perú Libre,Vladimir Cerrón,,58,40.6
Perú Libre,Vladimir Cerrón,,59,40.6
Perú Libre,Vladimir Cerrón,,60,40.6
Perú Moderno,Carlos Jaico,,1,2.1
Perú Moderno,Carlos Jaico,,2,1.4
Perú Moderno,Carlos Jaico,,3,2.1
Perú Moderno,Carlos Jaico,,4,1.4
Perú Moderno,Carlos Jaico,,5,1.4
Perú Moderno,Carlos Jaico,,6,2.1
Perú Moderno,Carlos Jaico,,7,1.4
Perú Moderno,Carlos Jaico,,8,2.1
Perú Moderno,Carlos Jaico,,9,2.1
Perú Moderno,Carlos Jaico,,10,2.1
Perú Moderno,Carlos Jaico,,11,2.1
Perú Moderno,Carlos Jaico,,12,2.1
Perú Moderno,Carlos Jaico,,13,2.1
Perú Moderno,Carlos Jaico,,14,1.4
Perú Moderno,Carlos Jaico,,15,2.1
Perú Moderno,Carlos Jaico,,16,51
Perú Moderno,Carlos Jaico,,17,51
Perú Moderno,Carlos Jaico,,18,42
Perú Moderno,Carlos Jaico,,19,17.5
Perú Moderno,Carlos Jaico,,20,28
Perú Moderno,Carlos Jaico,,21,59.4
Perú Moderno,Carlos Jaico,,22,87.4
Perú Moderno,Carlos Jaico,,23,100
Perú Moderno,Carlos Jaico,,24,100
Perú Moderno,Carlos Jaico,,25,84.6
Perú Moderno,Carlos Jaico,,26,57.3
Perú Moderno,Carlos Jaico,,27,31.5
Perú Moderno,Carlos Jaico,,28,5.6
Perú Moderno,Carlos Jaico,,29,1.4
Perú Moderno,Carlos Jaico,,30,2.1
Perú Moderno,Carlos Jaico,,31,2.1
Perú Moderno,Carlos Jaico,,32,1.4
Perú Moderno,Carlos Jaico,,33,2.1
Perú Moderno,Carlos Jaico,,34,1.4
Perú Moderno,Carlos Jaico,,35,2.8
Perú Moderno,Carlos Jaico,,36,42
Perú Moderno,Carlos Jaico,,37,51
Perú Moderno,Carlos Jaico,,38,34.3
Perú Moderno,Carlos Jaico,,39,1.4
Perú Moderno,Carlos Jaico,,40,2.1
Perú Moderno,Carlos Jaico,,41,2.1
Perú Moderno,Carlos Jaico,,42,2.1
Perú Moderno,Carlos Jaico,,43,2.1
Perú Moderno,Carlos Jaico,,44,2.1
Perú Moderno,Carlos Jaico,,45,2.1
Perú Moderno,Carlos Jaico,,46,2.1
Perú Moderno,Carlos Jaico,,47,2.1
Perú Moderno,Carlos Jaico,,48,1.4
Perú Moderno,Carlos Jaico,,49,2.1
Perú Moderno,Carlos Jaico,,50,2.1
Perú Moderno,Carlos Jaico,,51,2.1
Perú Moderno,Carlos Jaico,,52,2.1
Perú Moderno,Carlos Jaico,,53,1.4
Perú Moderno,Carlos Jaico,,54,2.1
Perú Moderno,Carlos Jaico,,55,2.1
Perú Moderno,Carlos Jaico,,56,2.1
Perú Moderno,Carlos Jaico,,57,2.1
Perú Moderno,Carlos Jaico,,58,2.1
Perú Moderno,Carlos Jaico,,59,2.1
Perú Moderno,Carlos Jaico,,60,2.1
Perú Primero,Mario Vizcarra,,1,11.2
Perú Primero,Mario Vizcarra,,2,22.4
Perú Primero,Mario Vizcarra,,3,26.6
Perú Primero,Mario Vizcarra,,4,25.9
Perú Primero,Mario Vizcarra,,5,25.9
Perú Primero,Mario Vizcarra,,6,26.6
Perú Primero,Mario Vizcarra,,7,23.8
Perú Primero,Mario Vizcarra,,8,12.6
Perú Primero,Mario Vizcarra,,9,3.5
Perú Primero,Mario Vizcarra,,10,10.5
Perú Primero,Mario Vizcarra,,11,18.9
Perú Primero,Mario Vizcarra,,12,20.3
Perú Primero,Mario Vizcarra,,13,22.4
Perú Primero,Mario Vizcarra,,14,26.6
Perú Primero,Mario Vizcarra,,15,35
Perú Primero,Mario Vizcarra,,16,43.4
Perú Primero,Mario Vizcarra,,17,43.4
Perú Primero,Mario Vizcarra,,18,35
Perú Primero,Mario Vizcarra,,19,14.7
Perú Primero,Mario Vizcarra,,20,3.5
Perú Primero,Mario Vizcarra,,21,7
Perú Primero,Mario Vizcarra,,22,10.5
Perú Primero,Mario Vizcarra,,23,9.8
Perú Primero,Mario Vizcarra,,24,6.3
Perú Primero,Mario Vizcarra,,25,2.1
Perú Primero,Mario Vizcarra,,26,16.8
Perú Primero,Mario Vizcarra,,27,30.8
Perú Primero,Mario Vizcarra,,28,35
Perú Primero,Mario Vizcarra,,29,32.9
Perú Primero,Mario Vizcarra,,30,29.4
Perú Primero,Mario Vizcarra,,31,26.6
Perú Primero,Mario Vizcarra,,32,29.4
Perú Primero,Mario Vizcarra,,33,34.3
Perú Primero,Mario Vizcarra,,34,35.7
Perú Primero,Mario Vizcarra,,35,38.5
Perú Primero,Mario Vizcarra,,36,40.6
Perú Primero,Mario Vizcarra,,37,44.1
Perú Primero,Mario Vizcarra,,38,48.3
Perú Primero,Mario Vizcarra,,39,51
Perú Primero,Mario Vizcarra,,40,51
Perú Primero,Mario Vizcarra,,41,34.3
Perú Primero,Mario Vizcarra,,42,14.7
Perú Primero,Mario Vizcarra,,43,11.2
Perú Primero,Mario Vizcarra,,44,15.4
Perú Primero,Mario Vizcarra,,45,30.8
Perú Primero,Mario Vizcarra,,46,65.7
Perú Primero,Mario Vizcarra,,47,92.3
Perú Primero,Mario Vizcarra,,48,92.3
Perú Primero,Mario Vizcarra,,49,90.2
Perú Primero,Mario Vizcarra,,50,87.4
Perú Primero,Mario Vizcarra,,51,83.9
Perú Primero,Mario Vizcarra,,52,64.3
Perú Primero,Mario Vizcarra,,53,32.2
Perú Primero,Mario Vizcarra,,54,4.9
Perú Primero,Mario Vizcarra,,55,1.4
Perú Primero,Mario Vizcarra,,56,2.1
Perú Primero,Mario Vizcarra,,57,1.4
Perú Primero,Mario Vizcarra,,58,1.4
Perú Primero,Mario Vizcarra,,59,1.4
Perú Primero,Mario Vizcarra,,60,1.4
Podemos Perú,José Luna Gálvez,,1,2.1
Podemos Perú,José Luna Gálvez,,2,1.4
Podemos Perú,José Luna Gálvez,,3,2.1
Podemos Perú,José Luna Gálvez,,4,2.1
Podemos Perú,José Luna Gálvez,,5,1.4
Podemos Perú,José Luna Gálvez,,6,2.1
Podemos Perú,José Luna Gálvez,,7,2.1
Podemos Perú,José Luna Gálvez,,8,1.4
Podemos Perú,José Luna Gálvez,,9,2.1
Podemos Perú,José Luna Gálvez,,10,1.4
Podemos Perú,José Luna Gálvez,,11,1.4
Podemos Perú,José Luna Gálvez,,12,2.1
Podemos Perú,José Luna Gálvez,,13,1.4
Podemos Perú,José Luna Gálvez,,14,2.1
Podemos Perú,José Luna Gálvez,,15,2.1
Podemos Perú,José Luna Gálvez,,16,1.4
Podemos Perú,José Luna Gálvez,,17,2.8
Podemos Perú,José Luna Gálvez,,18,18.2
Podemos Perú,José Luna Gálvez,,19,36.4
Podemos Perú,José Luna Gálvez,,20,41.3
Podemos Perú,José Luna Gálvez,,21,40.6
Podemos Perú,José Luna Gálvez,,22,40.6
Podemos Perú,José Luna Gálvez,,23,48.3
Podemos Perú,José Luna Gálvez,,24,72.7
Podemos Perú,José Luna Gálvez,,25,80.4
Podemos Perú,José Luna Gálvez,,26,79.7
Podemos Perú,José Luna Gálvez,,27,53.8
Podemos Perú,José Luna Gálvez,,28,25.9
Podemos Perú,José Luna Gálvez,,29,21
Podemos Perú,José Luna Gálvez,,30,21.7
Podemos Perú,José Luna Gálvez,,31,21.7
Podemos Perú,José Luna Gálvez,,32,21
Podemos Perú,José Luna Gálvez,,33,21.7
Podemos Perú,José Luna Gálvez,,34,43.4
Podemos Perú,José Luna Gálvez,,35,60.8
Podemos Perú,José Luna Gálvez,,36,60.8
Podemos Perú,José Luna Gálvez,,37,54.5
Podemos Perú,José Luna Gálvez,,38,46.2
Podemos Perú,José Luna Gálvez,,39,41.3
Podemos Perú,José Luna Gálvez,,40,40.6
Podemos Perú,José Luna Gálvez,,41,41.3
Podemos Perú,José Luna Gálvez,,42,40.6
Podemos Perú,José Luna Gálvez,,43,41.3
Podemos Perú,José Luna Gálvez,,44,40.6
Podemos Perú,José Luna Gálvez,,45,40.6
Podemos Perú,José Luna Gálvez,,46,41.3
Podemos Perú,José Luna Gálvez,,47,39.2
Podemos Perú,José Luna Gálvez,,48,32.9
Podemos Perú,José Luna Gálvez,,49,24.5
Podemos Perú,José Luna Gálvez,,50,14.7
Podemos Perú,José Luna Gálvez,,51,4.2
Podemos Perú,José Luna Gálvez,,52,1.4
Podemos Perú,José Luna Gálvez,,53,1.4
Podemos Perú,José Luna Gálvez,,54,2.1
Podemos Perú,José Luna Gálvez,,55,1.4
Podemos Perú,José Luna Gálvez,,56,2.1
Podemos Perú,José Luna Gálvez,,57,2.1
Podemos Perú,José Luna Gálvez,,58,2.1
Podemos Perú,José Luna Gálvez,,59,2.1
Podemos Perú,José Luna Gálvez,,60,2.1
Primero La Gente,Marisol Pérez Tello,,1,18.9
Primero La Gente,Marisol Pérez Tello,,2,40.6
Primero La Gente,Marisol Pérez Tello,,3,49.7
Primero La Gente,Marisol Pérez Tello,,4,53.8
Primero La Gente,Marisol Pérez Tello,,5,55.9
Primero La Gente,Marisol Pérez Tello,,6,58
Primero La Gente,Marisol Pérez Tello,,7,58
Primero La Gente,Marisol Pérez Tello,,8,55.9
Primero La Gente,Marisol Pérez Tello,,9,54.5
Primero La Gente,Marisol Pérez Tello,,10,53.1
Primero La Gente,Marisol Pérez Tello,,11,46.2
Primero La Gente,Marisol Pérez Tello,,12,39.9
Primero La Gente,Marisol Pérez Tello,,13,51
Primero La Gente,Marisol Pérez Tello,,14,63.6
Primero La Gente,Marisol Pérez Tello,,15,71.3
Primero La Gente,Marisol Pérez Tello,,16,78.3
Primero La Gente,Marisol Pérez Tello,,17,81.8
Primero La Gente,Marisol Pérez Tello,,18,81.1
Primero La Gente,Marisol Pérez Tello,,19,76.2
Primero La Gente,Marisol Pérez Tello,,20,69.9
Primero La Gente,Marisol Pérez Tello,,21,66.4
Primero La Gente,Marisol Pérez Tello,,22,64.3
Primero La Gente,Marisol Pérez Tello,,23,62.9
Primero La Gente,Marisol Pérez Tello,,24,59.4
Primero La Gente,Marisol Pérez Tello,,25,53.8
Primero La Gente,Marisol Pérez Tello,,26,49.7
Primero La Gente,Marisol Pérez Tello,,27,46.2
Primero La Gente,Marisol Pérez Tello,,28,44.8
Primero La Gente,Marisol Pérez Tello,,29,56.6
Primero La Gente,Marisol Pérez Tello,,30,79.7
Primero La Gente,Marisol Pérez Tello,,31,90.2
Primero La Gente,Marisol Pérez Tello,,32,90.2
Primero La Gente,Marisol Pérez Tello,,33,81.8
Primero La Gente,Marisol Pérez Tello,,34,70.6
Primero La Gente,Marisol Pérez Tello,,35,68.5
Primero La Gente,Marisol Pérez Tello,,36,70.6
Primero La Gente,Marisol Pérez Tello,,37,72
Primero La Gente,Marisol Pérez Tello,,38,69.9
Primero La Gente,Marisol Pérez Tello,,39,65.7
Primero La Gente,Marisol Pérez Tello,,40,62.9
Primero La Gente,Marisol Pérez Tello,,41,64.3
Primero La Gente,Marisol Pérez Tello,,42,66.4
Primero La Gente,Marisol Pérez Tello,,43,67.8
Primero La Gente,Marisol Pérez Tello,,44,67.1
Primero La Gente,Marisol Pérez Tello,,45,55.9
Primero La Gente,Marisol Pérez Tello,,46,55.2
Primero La Gente,Marisol Pérez Tello,,47,66.4
Primero La Gente,Marisol Pérez Tello,,48,72
Primero La Gente,Marisol Pérez Tello,,49,71.3
Primero La Gente,Marisol Pérez Tello,,50,66.4
Primero La Gente,Marisol Pérez Tello,,51,60.1
Primero La Gente,Marisol Pérez Tello,,52,55.9
Primero La Gente,Marisol Pérez Tello,,53,53.1
Primero La Gente,Marisol Pérez Tello,,54,50.3
Primero La Gente,Marisol Pérez Tello,,55,41.3
Primero La Gente,Marisol Pérez Tello,,56,20.3
Primero La Gente,Marisol Pérez Tello,,57,2.1
Primero La Gente,Marisol Pérez Tello,,58,2.1
Primero La Gente,Marisol Pérez Tello,,59,2.1
Primero La Gente,Marisol Pérez Tello,,60,2.1
PRIN,Walter Chirinos,,1,2.1
PRIN,Walter Chirinos,,2,1.4
PRIN,Walter Chirinos,,3,2.1
PRIN,Walter Chirinos,,4,1.4
PRIN,Walter Chirinos,,5,1.4
PRIN,Walter Chirinos,,6,2.1
PRIN,Walter Chirinos,,7,1.4
PRIN,Walter Chirinos,,8,2.1
PRIN,Walter Chirinos,,9,2.1
PRIN,Walter Chirinos,,10,1.4
PRIN,Walter Chirinos,,11,2.1
PRIN,Walter Chirinos,,12,1.4
PRIN,Walter Chirinos,,13,2.1
PRIN,Walter Chirinos,,14,2.1
PRIN,Walter Chirinos,,15,1.4
PRIN,Walter Chirinos,,16,2.1
PRIN,Walter Chirinos,,17,1.4
PRIN,Walter Chirinos,,18,2.1
PRIN,Walter Chirinos,,19,18.2
PRIN,Walter Chirinos,,20,34.3
PRIN,Walter Chirinos,,21,35
PRIN,Walter Chirinos,,22,33.6
PRIN,Walter Chirinos,,23,35
PRIN,Walter Chirinos,,24,35
PRIN,Walter Chirinos,,25,34.3
PRIN,Walter Chirinos,,26,35
PRIN,Walter Chirinos,,27,33.6
PRIN,Walter Chirinos,,28,35
PRIN,Walter Chirinos,,29,35
PRIN,Walter Chirinos,,30,34.3
PRIN,Walter Chirinos,,31,35
PRIN,Walter Chirinos,,32,27.3
PRIN,Walter Chirinos,,33,7
PRIN,Walter Chirinos,,34,1.4
PRIN,Walter Chirinos,,35,2.1
PRIN,Walter Chirinos,,36,2.1
PRIN,Walter Chirinos,,37,1.4
PRIN,Walter Chirinos,,38,2.8
PRIN,Walter Chirinos,,39,17.5
PRIN,Walter Chirinos,,40,31.5
PRIN,Walter Chirinos,,41,35
PRIN,Walter Chirinos,,42,33.6
PRIN,Walter Chirinos,,43,35
PRIN,Walter Chirinos,,44,34.3
PRIN,Walter Chirinos,,45,15.4
PRIN,Walter Chirinos,,46,2.1
PRIN,Walter Chirinos,,47,2.1
PRIN,Walter Chirinos,,48,2.1
PRIN,Walter Chirinos,,49,1.4
PRIN,Walter Chirinos,,50,2.1
PRIN,Walter Chirinos,,51,2.1
PRIN,Walter Chirinos,,52,1.4
PRIN,Walter Chirinos,,53,2.1
PRIN,Walter Chirinos,,54,2.1
PRIN,Walter Chirinos,,55,2.1
PRIN,Walter Chirinos,,56,2.1
PRIN,Walter Chirinos,,57,1.4
PRIN,Walter Chirinos,,58,1.4
PRIN,Walter Chirinos,,59,1.4
PRIN,Walter Chirinos,,60,1.4
Progresemos,Paul Jaimes,,1,2.1
Progresemos,Paul Jaimes,,2,1.4
Progresemos,Paul Jaimes,,3,2.1
Progresemos,Paul Jaimes,,4,2.1
Progresemos,Paul Jaimes,,5,1.4
Progresemos,Paul Jaimes,,6,2.1
Progresemos,Paul Jaimes,,7,2.1
Progresemos,Paul Jaimes,,8,1.4
Progresemos,Paul Jaimes,,9,2.1
Progresemos,Paul Jaimes,,10,29.4
Progresemos,Paul Jaimes,,11,65
Progresemos,Paul Jaimes,,12,75.5
Progresemos,Paul Jaimes,,13,74.8
Progresemos,Paul Jaimes,,14,67.1
Progresemos,Paul Jaimes,,15,56.6
Progresemos,Paul Jaimes,,16,51
Progresemos,Paul Jaimes,,17,50.3
Progresemos,Paul Jaimes,,18,51
Progresemos,Paul Jaimes,,19,51
Progresemos,Paul Jaimes,,20,42.7
Progresemos,Paul Jaimes,,21,30.1
Progresemos,Paul Jaimes,,22,48.3
Progresemos,Paul Jaimes,,23,70.6
Progresemos,Paul Jaimes,,24,75.5
Progresemos,Paul Jaimes,,25,74.8
Progresemos,Paul Jaimes,,26,74.8
Progresemos,Paul Jaimes,,27,75.5
Progresemos,Paul Jaimes,,28,71.3
Progresemos,Paul Jaimes,,29,58.7
Progresemos,Paul Jaimes,,30,46.9
Progresemos,Paul Jaimes,,31,37.1
Progresemos,Paul Jaimes,,32,29.4
Progresemos,Paul Jaimes,,33,30.1
Progresemos,Paul Jaimes,,34,40.6
Progresemos,Paul Jaimes,,35,53.8
Progresemos,Paul Jaimes,,36,75.5
Progresemos,Paul Jaimes,,37,94.4
Progresemos,Paul Jaimes,,38,100
Progresemos,Paul Jaimes,,39,99.3
Progresemos,Paul Jaimes,,40,66.4
Progresemos,Paul Jaimes,,41,34.3
Progresemos,Paul Jaimes,,42,69.9
Progresemos,Paul Jaimes,,43,100
Progresemos,Paul Jaimes,,44,100
Progresemos,Paul Jaimes,,45,99.3
Progresemos,Paul Jaimes,,46,99.3
Progresemos,Paul Jaimes,,47,100
Progresemos,Paul Jaimes,,48,99.3
Progresemos,Paul Jaimes,,49,69.9
Progresemos,Paul Jaimes,,50,75.5
Progresemos,Paul Jaimes,,51,100
Progresemos,Paul Jaimes,,52,100
Progresemos,Paul Jaimes,,53,86
Progresemos,Paul Jaimes,,54,58
Progresemos,Paul Jaimes,,55,75.5
Progresemos,Paul Jaimes,,56,75.5
Progresemos,Paul Jaimes,,57,74.8
Progresemos,Paul Jaimes,,58,74.8
Progresemos,Paul Jaimes,,59,74.8
Progresemos,Paul Jaimes,,60,74.8
Renovación Popular,Rafael López Aliaga,Documento JNE,1,0
Renovación Popular,Rafael López Aliaga,Documento JNE,2,0
Renovación Popular,Rafael López Aliaga,Documento JNE,3,0
Renovación Popular,Rafael López Aliaga,Documento JNE,4,0
Renovación Popular,Rafael López Aliaga,Documento JNE,5,0
Renovación Popular,Rafael López Aliaga,Documento JNE,6,0
Renovación Popular,Rafael López Aliaga,Documento JNE,7,0
Renovación Popular,Rafael López Aliaga,Documento JNE,8,0
Renovación Popular,Rafael López Aliaga,Documento JNE,9,0
Renovación Popular,Rafael López Aliaga,Documento JNE,10,0
Renovación Popular,Rafael López Aliaga,Documento JNE,11,0
Renovación Popular,Rafael López Aliaga,Documento JNE,12,0
Renovación Popular,Rafael López Aliaga,Documento JNE,13,0
Renovación Popular,Rafael López Aliaga,Documento JNE,14,0
Renovación Popular,Rafael López Aliaga,Documento JNE,15,0
Renovación Popular,Rafael López Aliaga,Documento JNE,16,0
Renovación Popular,Rafael López Aliaga,Documento JNE,17,0
Renovación Popular,Rafael López Aliaga,Documento JNE,18,0
Renovación Popular,Rafael López Aliaga,Documento JNE,19,0
Renovación Popular,Rafael López Aliaga,Documento JNE,20,0
Renovación Popular,Rafael López Aliaga,Documento JNE,21,0
Renovación Popular,Rafael López Aliaga,Documento JNE,22,0
Renovación Popular,Rafael López Aliaga,Documento JNE,23,0
Renovación Popular,Rafael López Aliaga,Documento JNE,24,0
Renovación Popular,Rafael López Aliaga,Documento JNE,25,0
Renovación Popular,Rafael López Aliaga,Documento JNE,26,0
Renovación Popular,Rafael López Aliaga,Documento JNE,27,0
Renovación Popular,Rafael López Aliaga,Documento JNE,28,0
Renovación Popular,Rafael López Aliaga,Documento JNE,29,0
Renovación Popular,Rafael López Aliaga,Documento JNE,30,0
Renovación Popular,Rafael López Aliaga,Documento JNE,31,0
Renovación Popular,Rafael López Aliaga,Documento JNE,32,0
Renovación Popular,Rafael López Aliaga,Documento JNE,33,0
Renovación Popular,Rafael López Aliaga,Documento JNE,34,0
Renovación Popular,Rafael López Aliaga,Documento JNE,35,0
Renovación Popular,Rafael López Aliaga,Documento JNE,36,0
Renovación Popular,Rafael López Aliaga,Documento JNE,37,0
Renovación Popular,Rafael López Aliaga,Documento JNE,38,0
Renovación Popular,Rafael López Aliaga,Documento JNE,39,0
Renovación Popular,Rafael López Aliaga,Documento JNE,40,0
Renovación Popular,Rafael López Aliaga,Documento JNE,41,0
Renovación Popular,Rafael López Aliaga,Documento JNE,42,0
Renovación Popular,Rafael López Aliaga,Documento JNE,43,0
Renovación Popular,Rafael López Aliaga,Documento JNE,44,0
Renovación Popular,Rafael López Aliaga,Documento JNE,45,0
Renovación Popular,Rafael López Aliaga,Documento JNE,46,0
Renovación Popular,Rafael López Aliaga,Documento JNE,47,0
Renovación Popular,Rafael López Aliaga,Documento JNE,48,0
Renovación Popular,Rafael López Aliaga,Documento JNE,49,0
Renovación Popular,Rafael López Aliaga,Documento JNE,50,0
Renovación Popular,Rafael López Aliaga,Documento JNE,51,0
Renovación Popular,Rafael López Aliaga,Documento JNE,52,0
Renovación Popular,Rafael López Aliaga,Documento JNE,53,0
Renovación Popular,Rafael López Aliaga,Documento JNE,54,0
Renovación Popular,Rafael López Aliaga,Documento JNE,55,0
Renovación Popular,Rafael López Aliaga,Documento JNE,56,0
Renovación Popular,Rafael López Aliaga,Documento JNE,57,0
Renovación Popular,Rafael López Aliaga,Documento JNE,58,0
Renovación Popular,Rafael López Aliaga,Documento JNE,59,0
Renovación Popular,Rafael López Aliaga,Documento JNE,60,0
Renovación Popular,Rafael López Aliaga,Documento de campaña,1,0
Renovación Popular,Rafael López Aliaga,Documento de campaña,2,0
Renovación Popular,Rafael López Aliaga,Documento de campaña,3,0
Renovación Popular,Rafael López Aliaga,Documento de campaña,4,0
Renovación Popular,Rafael López Aliaga,Documento de campaña,5,0
Renovación Popular,Rafael López Aliaga,Documento de campaña,6,0
Renovación Popular,Rafael López Aliaga,Documento de campaña,7,0
Renovación Popular,Rafael López Aliaga,Documento de campaña,8,0
Renovación Popular,Rafael López Aliaga,Documento de campaña,9,0
Renovación Popular,Rafael López Aliaga,Documento de campaña,10,0
Renovación Popular,Rafael López Aliaga,Documento de campaña,11,0
Renovación Popular,Rafael López Aliaga,Documento de campaña,12,0
Renovación Popular,Rafael López Aliaga,Documento de campaña,13,0
Renovación Popular,Rafael López Aliaga,Documento de campaña,14,0
Renovación Popular,Rafael López Aliaga,Documento de campaña,15,0
Renovación Popular,Rafael López Aliaga,Documento de campaña,16,0
Renovación Popular,Rafael López Aliaga,Documento de campaña,17,0
Renovación Popular,Rafael López Aliaga,Documento de campaña,18,0
Renovación Popular,Rafael López Aliaga,Documento de campaña,19,0
Renovación Popular,Rafael López Aliaga,Documento de campaña,20,0
Renovación Popular,Rafael López Aliaga,Documento de campaña,21,0
Renovación Popular,Rafael López Aliaga,Documento de campaña,22,0
Renovación Popular,Rafael López Aliaga,Documento de campaña,23,0
Renovación Popular,Rafael López Aliaga,Documento de campaña,24,0
Renovación Popular,Rafael López Aliaga,Documento de campaña,25,0
Renovación Popular,Rafael López Aliaga,Documento de campaña,26,0
Renovación Popular,Rafael López Aliaga,Documento de campaña,27,0
Renovación Popular,Rafael López Aliaga,Documento de campaña,28,0
Renovación Popular,Rafael López Aliaga,Documento de campaña,29,0
Renovación Popular,Rafael López Aliaga,Documento de campaña,30,0
Renovación Popular,Rafael López Aliaga,Documento de campaña,31,0
Renovación Popular,Rafael López Aliaga,Documento de campaña,32,0
Renovación Popular,Rafael López Aliaga,Documento de campaña,33,0
Renovación Popular,Rafael López Aliaga,Documento de campaña,34,0
Renovación Popular,Rafael López Aliaga,Documento de campaña,35,0
Renovación Popular,Rafael López Aliaga,Documento de campaña,36,0
Renovación Popular,Rafael López Aliaga,Documento de campaña,37,0
Renovación Popular,Rafael López Aliaga,Documento de campaña,38,0
Renovación Popular,Rafael López Aliaga,Documento de campaña,39,0
Renovación Popular,Rafael López Aliaga,Documento de campaña,40,0
Renovación Popular,Rafael López Aliaga,Documento de campaña,41,0
Renovación Popular,Rafael López Aliaga,Documento de campaña,42,0
Renovación Popular,Rafael López Aliaga,Documento de campaña,43,0
Renovación Popular,Rafael López Aliaga,Documento de campaña,44,0
Renovación Popular,Rafael López Aliaga,Documento de campaña,45,0
Renovación Popular,Rafael López Aliaga,Documento de campaña,46,0
Renovación Popular,Rafael López Aliaga,Documento de campaña,47,0
Renovación Popular,Rafael López Aliaga,Documento de campaña,48,0
Renovación Popular,Rafael López Aliaga,Documento de campaña,49,0
Renovación Popular,Rafael López Aliaga,Documento de campaña,50,0
Renovación Popular,Rafael López Aliaga,Documento de campaña,51,0
Renovación Popular,Rafael López Aliaga,Documento de campaña,52,0
Renovación Popular,Rafael López Aliaga,Documento de campaña,53,0
Renovación Popular,Rafael López Aliaga,Documento de campaña,54,0
Renovación Popular,Rafael López Aliaga,Documento de campaña,55,0
Renovación Popular,Rafael López Aliaga,Documento de campaña,56,0
Renovación Popular,Rafael López Aliaga,Documento de campaña,57,0
Renovación Popular,Rafael López Aliaga,Documento de campaña,58,0
Renovación Popular,Rafael López Aliaga,Documento de campaña,59,0
Renovación Popular,Rafael López Aliaga,Documento de campaña,60,0
Salvemos al Perú,Antonio Ortiz,,1,2.1
Salvemos al Perú,Antonio Ortiz,,2,1.4
Salvemos al Perú,Antonio Ortiz,,3,2.1
Salvemos al Perú,Antonio Ortiz,,4,2.1
Salvemos al Perú,Antonio Ortiz,,5,1.4
Salvemos al Perú,Antonio Ortiz,,6,4.9
Salvemos al Perú,Antonio Ortiz,,7,20.3
Salvemos al Perú,Antonio Ortiz,,8,26.6
Salvemos al Perú,Antonio Ortiz,,9,26.6
Salvemos al Perú,Antonio Ortiz,,10,16.1
Salvemos al Perú,Antonio Ortiz,,11,4.2
Salvemos al Perú,Antonio Ortiz,,12,18.9
Salvemos al Perú,Antonio Ortiz,,13,26.6
Salvemos al Perú,Antonio Ortiz,,14,26.6
Salvemos al Perú,Antonio Ortiz,,15,13.3
Salvemos al Perú,Antonio Ortiz,,16,2.1
Salvemos al Perú,Antonio Ortiz,,17,1.4
Salvemos al Perú,Antonio Ortiz,,18,2.1
Salvemos al Perú,Antonio Ortiz,,19,1.4
Salvemos al Perú,Antonio Ortiz,,20,2.1
Salvemos al Perú,Antonio Ortiz,,21,2.1
Salvemos al Perú,Antonio Ortiz,,22,14.7
Salvemos al Perú,Antonio Ortiz,,23,44.1
Salvemos al Perú,Antonio Ortiz,,24,51
Salvemos al Perú,Antonio Ortiz,,25,47.6
Salvemos al Perú,Antonio Ortiz,,26,33.6
Salvemos al Perú,Antonio Ortiz,,27,26.6
Salvemos al Perú,Antonio Ortiz,,28,26.6
Salvemos al Perú,Antonio Ortiz,,29,26.6
Salvemos al Perú,Antonio Ortiz,,30,16.8
Salvemos al Perú,Antonio Ortiz,,31,2.8
Salvemos al Perú,Antonio Ortiz,,32,1.4
Salvemos al Perú,Antonio Ortiz,,33,4.2
Salvemos al Perú,Antonio Ortiz,,34,18.9
Salvemos al Perú,Antonio Ortiz,,35,26.6
Salvemos al Perú,Antonio Ortiz,,36,26.6
Salvemos al Perú,Antonio Ortiz,,37,16.8
Salvemos al Perú,Antonio Ortiz,,38,4.9
Salvemos al Perú,Antonio Ortiz,,39,1.4
Salvemos al Perú,Antonio Ortiz,,40,2.1
Salvemos al Perú,Antonio Ortiz,,41,2.1
Salvemos al Perú,Antonio Ortiz,,42,2.1
Salvemos al Perú,Antonio Ortiz,,43,2.1
Salvemos al Perú,Antonio Ortiz,,44,1.4
Salvemos al Perú,Antonio Ortiz,,45,2.1
Salvemos al Perú,Antonio Ortiz,,46,1.4
Salvemos al Perú,Antonio Ortiz,,47,8.4
Salvemos al Perú,Antonio Ortiz,,48,68.5
Salvemos al Perú,Antonio Ortiz,,49,100
Salvemos al Perú,Antonio Ortiz,,50,100
Salvemos al Perú,Antonio Ortiz,,51,67.1
Salvemos al Perú,Antonio Ortiz,,52,27.3
Salvemos al Perú,Antonio Ortiz,,53,25.9
Salvemos al Perú,Antonio Ortiz,,54,26.6
Salvemos al Perú,Antonio Ortiz,,55,22.4
Salvemos al Perú,Antonio Ortiz,,56,7.7
Salvemos al Perú,Antonio Ortiz,,57,1.4
Salvemos al Perú,Antonio Ortiz,,58,1.4
Salvemos al Perú,Antonio Ortiz,,59,1.4
Salvemos al Perú,Antonio Ortiz,,60,1.4
Sí Creo,Carlos Espá,,1,2.1
Sí Creo,Carlos Espá,,2,1.4
Sí Creo,Carlos Espá,,3,2.1
Sí Creo,Carlos Espá,,4,1.4
Sí Creo,Carlos Espá,,5,2.1
Sí Creo,Carlos Espá,,6,2.1
Sí Creo,Carlos Espá,,7,1.4
Sí Creo,Carlos Espá,,8,2.1
Sí Creo,Carlos Espá,,9,2.1
Sí Creo,Carlos Espá,,10,2.1
Sí Creo,Carlos Espá,,11,2.1
Sí Creo,Carlos Espá,,12,1.4
Sí Creo,Carlos Espá,,13,2.1
Sí Creo,Carlos Espá,,14,2.1
Sí Creo,Carlos Espá,,15,2.1
Sí Creo,Carlos Espá,,16,2.1
Sí Creo,Carlos Espá,,17,1.4
Sí Creo,Carlos Espá,,18,2.1
Sí Creo,Carlos Espá,,19,1.4
Sí Creo,Carlos Espá,,20,2.1
Sí Creo,Carlos Espá,,21,1.4
Sí Creo,Carlos Espá,,22,2.1
Sí Creo,Carlos Espá,,23,2.1
Sí Creo,Carlos Espá,,24,2.1
Sí Creo,Carlos Espá,,25,2.1
Sí Creo,Carlos Espá,,26,2.1
Sí Creo,Carlos Espá,,27,2.1
Sí Creo,Carlos Espá,,28,2.1
Sí Creo,Carlos Espá,,29,2.1
Sí Creo,Carlos Espá,,30,2.1
Sí Creo,Carlos Espá,,31,2.1
Sí Creo,Carlos Espá,,32,2.1
Sí Creo,Carlos Espá,,33,2.1
Sí Creo,Carlos Espá,,34,2.1
Sí Creo,Carlos Espá,,35,2.1
Sí Creo,Carlos Espá,,36,2.1
Sí Creo,Carlos Espá,,37,2.1
Sí Creo,Carlos Espá,,38,2.1
Sí Creo,Carlos Espá,,39,1.4
Sí Creo,Carlos Espá,,40,2.1
Sí Creo,Carlos Espá,,41,2.1
Sí Creo,Carlos Espá,,42,2.1
Sí Creo,Carlos Espá,,43,2.1
Sí Creo,Carlos Espá,,44,1.4
Sí Creo,Carlos Espá,,45,2.1
Sí Creo,Carlos Espá,,46,2.1
Sí Creo,Carlos Espá,,47,51
Sí Creo,Carlos Espá,,48,51
Sí Creo,Carlos Espá,,49,31.5
Sí Creo,Carlos Espá,,50,2.1
Sí Creo,Carlos Espá,,51,2.1
Sí Creo,Carlos Espá,,52,2.1
Sí Creo,Carlos Espá,,53,2.1
Sí Creo,Carlos Espá,,54,2.1
Sí Creo,Carlos Espá,,55,45.5
Sí Creo,Carlos Espá,,56,100
Sí Creo,Carlos Espá,,57,99.3
Sí Creo,Carlos Espá,,58,99.3
Sí Creo,Carlos Espá,,59,99.3
Sí Creo,Carlos Espá,,60,99.3
Somos Perú,George Forsyth,,1,2.1
Somos Perú,George Forsyth,,2,1.4
Somos Perú,George Forsyth,,3,2.1
Somos Perú,George Forsyth,,4,2.8
Somos Perú,George Forsyth,,5,6.3
Somos Perú,George Forsyth,,6,13.3
Somos Perú,George Forsyth,,7,17.5
Somos Perú,George Forsyth,,8,24.5
Somos Perú,George Forsyth,,9,36.4
Somos Perú,George Forsyth,,10,60.1
Somos Perú,George Forsyth,,11,82.5
Somos Perú,George Forsyth,,12,89.5
Somos Perú,George Forsyth,,13,88.8
Somos Perú,George Forsyth,,14,65.7
Somos Perú,George Forsyth,,15,39.2
Somos Perú,George Forsyth,,16,36.4
Somos Perú,George Forsyth,,17,44.8
Somos Perú,George Forsyth,,18,51
Somos Perú,George Forsyth,,19,63.6
Somos Perú,George Forsyth,,20,78.3
Somos Perú,George Forsyth,,21,88.1
Somos Perú,George Forsyth,,22,98.6
Somos Perú,George Forsyth,,23,100
Somos Perú,George Forsyth,,24,95.8
Somos Perú,George Forsyth,,25,81.1
Somos Perú,George Forsyth,,26,67.8
Somos Perú,George Forsyth,,27,67.1
Somos Perú,George Forsyth,,28,69.9
Somos Perú,George Forsyth,,29,85.3
Somos Perú,George Forsyth,,30,99.3
Somos Perú,George Forsyth,,31,100
Somos Perú,George Forsyth,,32,99.3
Somos Perú,George Forsyth,,33,100
Somos Perú,George Forsyth,,34,100
Somos Perú,George Forsyth,,35,95.8
Somos Perú,George Forsyth,,36,89.5
Somos Perú,George Forsyth,,37,95.1
Somos Perú,George Forsyth,,38,100
Somos Perú,George Forsyth,,39,100
Somos Perú,George Forsyth,,40,99.3
Somos Perú,George Forsyth,,41,100
Somos Perú,George Forsyth,,42,97.9
Somos Perú,George Forsyth,,43,94.4
Somos Perú,George Forsyth,,44,89.5
Somos Perú,George Forsyth,,45,85.3
Somos Perú,George Forsyth,,46,80.4
Somos Perú,George Forsyth,,47,79
Somos Perú,George Forsyth,,48,77.6
Somos Perú,George Forsyth,,49,79
Somos Perú,George Forsyth,,50,74.8
Somos Perú,George Forsyth,,51,62.9
Somos Perú,George Forsyth,,52,47.6
Somos Perú,George Forsyth,,53,30.8
Somos Perú,George Forsyth,,54,11.9
Somos Perú,George Forsyth,,55,2.1
Somos Perú,George Forsyth,,56,2.1
Somos Perú,George Forsyth,,57,2.1
Somos Perú,George Forsyth,,58,2.1
Somos Perú,George Forsyth,,59,2.1
Somos Perú,George Forsyth,,60,2.1
Trabajadores y Emprendedores,Napoleón Becerra,,1,0
Trabajadores y Emprendedores,Napoleón Becerra,,2,0
Trabajadores y Emprendedores,Napoleón Becerra,,3,0
Trabajadores y Emprendedores,Napoleón Becerra,,4,0
Trabajadores y Emprendedores,Napoleón Becerra,,5,0
Trabajadores y Emprendedores,Napoleón Becerra,,6,0
Trabajadores y Emprendedores,Napoleón Becerra,,7,0
Trabajadores y Emprendedores,Napoleón Becerra,,8,0
Trabajadores y Emprendedores,Napoleón Becerra,,9,0
Trabajadores y Emprendedores,Napoleón Becerra,,10,0
Trabajadores y Emprendedores,Napoleón Becerra,,11,0
Trabajadores y Emprendedores,Napoleón Becerra,,12,0
Trabajadores y Emprendedores,Napoleón Becerra,,13,0
Trabajadores y Emprendedores,Napoleón Becerra,,14,0
Trabajadores y Emprendedores,Napoleón Becerra,,15,0
Trabajadores y Emprendedores,Napoleón Becerra,,16,0
Trabajadores y Emprendedores,Napoleón Becerra,,17,0
Trabajadores y Emprendedores,Napoleón Becerra,,18,0
Trabajadores y Emprendedores,Napoleón Becerra,,19,0
Trabajadores y Emprendedores,Napoleón Becerra,,20,0
Trabajadores y Emprendedores,Napoleón Becerra,,21,0
Trabajadores y Emprendedores,Napoleón Becerra,,22,0
Trabajadores y Emprendedores,Napoleón Becerra,,23,0
Trabajadores y Emprendedores,Napoleón Becerra,,24,0
Trabajadores y Emprendedores,Napoleón Becerra,,25,0
Trabajadores y Emprendedores,Napoleón Becerra,,26,0
Trabajadores y Emprendedores,Napoleón Becerra,,27,0
Trabajadores y Emprendedores,Napoleón Becerra,,28,0
Trabajadores y Emprendedores,Napoleón Becerra,,29,0
Trabajadores y Emprendedores,Napoleón Becerra,,30,0
Trabajadores y Emprendedores,Napoleón Becerra,,31,0
Trabajadores y Emprendedores,Napoleón Becerra,,32,0
Trabajadores y Emprendedores,Napoleón Becerra,,33,0
Trabajadores y Emprendedores,Napoleón Becerra,,34,0
Trabajadores y Emprendedores,Napoleón Becerra,,35,0
Trabajadores y Emprendedores,Napoleón Becerra,,36,0
Trabajadores y Emprendedores,Napoleón Becerra,,37,0
Trabajadores y Emprendedores,Napoleón Becerra,,38,0
Trabajadores y Emprendedores,Napoleón Becerra,,39,0
Trabajadores y Emprendedores,Napoleón Becerra,,40,0
Trabajadores y Emprendedores,Napoleón Becerra,,41,0
Trabajadores y Emprendedores,Napoleón Becerra,,42,0
Trabajadores y Emprendedores,Napoleón Becerra,,43,0
Trabajadores y Emprendedores,Napoleón Becerra,,44,0
Trabajadores y Emprendedores,Napoleón Becerra,,45,0
Trabajadores y Emprendedores,Napoleón Becerra,,46,0
Trabajadores y Emprendedores,Napoleón Becerra,,47,0
Trabajadores y Emprendedores,Napoleón Becerra,,48,0
Trabajadores y Emprendedores,Napoleón Becerra,,49,0
Trabajadores y Emprendedores,Napoleón Becerra,,50,0
Trabajadores y Emprendedores,Napoleón Becerra,,51,0
Trabajadores y Emprendedores,Napoleón Becerra,,52,0
Trabajadores y Emprendedores,Napoleón Becerra,,53,0
Trabajadores y Emprendedores,Napoleón Becerra,,54,0
Trabajadores y Emprendedores,Napoleón Becerra,,55,0
Trabajadores y Emprendedores,Napoleón Becerra,,56,0
Trabajadores y Emprendedores,Napoleón Becerra,,57,0
Trabajadores y Emprendedores,Napoleón Becerra,,58,0
Trabajadores y Emprendedores,Napoleón Becerra,,59,0
Trabajadores y Emprendedores,Napoleón Becerra,,60,0
Un Camino Diferente,Rosario Fernández,,1,2.1
Un Camino Diferente,Rosario Fernández,,2,2.1
Un Camino Diferente,Rosario Fernández,,3,2.1
Un Camino Diferente,Rosario Fernández,,4,99.3
Un Camino Diferente,Rosario Fernández,,5,100
Un Camino Diferente,Rosario Fernández,,6,100
Un Camino Diferente,Rosario Fernández,,7,100
Un Camino Diferente,Rosario Fernández,,8,100
Un Camino Diferente,Rosario Fernández,,9,100
Un Camino Diferente,Rosario Fernández,,10,100
Un Camino Diferente,Rosario Fernández,,11,100
Un Camino Diferente,Rosario Fernández,,12,62.2
Un Camino Diferente,Rosario Fernández,,13,48.3
Un Camino Diferente,Rosario Fernández,,14,100
Un Camino Diferente,Rosario Fernández,,15,100
Un Camino Diferente,Rosario Fernández,,16,100
Un Camino Diferente,Rosario Fernández,,17,99.3
Un Camino Diferente,Rosario Fernández,,18,100
Un Camino Diferente,Rosario Fernández,,19,100
Un Camino Diferente,Rosario Fernández,,20,100
Un Camino Diferente,Rosario Fernández,,21,100
Un Camino Diferente,Rosario Fernández,,22,100
Un Camino Diferente,Rosario Fernández,,23,99.3
Un Camino Diferente,Rosario Fernández,,24,100
Un Camino Diferente,Rosario Fernández,,25,100
Un Camino Diferente,Rosario Fernández,,26,100
Un Camino Diferente,Rosario Fernández,,27,99.3
Un Camino Diferente,Rosario Fernández,,28,100
Un Camino Diferente,Rosario Fernández,,29,100
Un Camino Diferente,Rosario Fernández,,30,100
Un Camino Diferente,Rosario Fernández,,31,100
Un Camino Diferente,Rosario Fernández,,32,100
Un Camino Diferente,Rosario Fernández,,33,100
Un Camino Diferente,Rosario Fernández,,34,100
Un Camino Diferente,Rosario Fernández,,35,100
Un Camino Diferente,Rosario Fernández,,36,100
Un Camino Diferente,Rosario Fernández,,37,100
Un Camino Diferente,Rosario Fernández,,38,99.3
Un Camino Diferente,Rosario Fernández,,39,100
Un Camino Diferente,Rosario Fernández,,40,100
Un Camino Diferente,Rosario Fernández,,41,100
Un Camino Diferente,Rosario Fernández,,42,100
Un Camino Diferente,Rosario Fernández,,43,100
Un Camino Diferente,Rosario Fernández,,44,71.3
Un Camino Diferente,Rosario Fernández,,45,10.5
Un Camino Diferente,Rosario Fernández,,46,2.1
Un Camino Diferente,Rosario Fernández,,47,100
Un Camino Diferente,Rosario Fernández,,48,100
Un Camino Diferente,Rosario Fernández,,49,75.5
Un Camino Diferente,Rosario Fernández,,50,29.4
Un Camino Diferente,Rosario Fernández,,51,100
Un Camino Diferente,Rosario Fernández,,52,100
Un Camino Diferente,Rosario Fernández,,53,100
Un Camino Diferente,Rosario Fernández,,54,100
Un Camino Diferente,Rosario Fernández,,55,47.6
Un Camino Diferente,Rosario Fernández,,56,100
Un Camino Diferente,Rosario Fernández,,57,100
Un Camino Diferente,Rosario Fernández,,58,100
Un Camino Diferente,Rosario Fernández,,59,100
Un Camino Diferente,Rosario Fernández,,60,100
Unidad Nacional,Roberto Chiabra,,1,2.1
Unidad Nacional,Roberto Chiabra,,2,1.4
Unidad Nacional,Roberto Chiabra,,3,2.1
Unidad Nacional,Roberto Chiabra,,4,2.1
Unidad Nacional,Roberto Chiabra,,5,1.4
Unidad Nacional,Roberto Chiabra,,6,2.1
Unidad Nacional,Roberto Chiabra,,7,2.1
Unidad Nacional,Roberto Chiabra,,8,1.4
Unidad Nacional,Roberto Chiabra,,9,2.1
Unidad Nacional,Roberto Chiabra,,10,10.5
Unidad Nacional,Roberto Chiabra,,11,22.4
Unidad Nacional,Roberto Chiabra,,12,26.6
Unidad Nacional,Roberto Chiabra,,13,25.9
Unidad Nacional,Roberto Chiabra,,14,15.4
Unidad Nacional,Roberto Chiabra,,15,3.5
Unidad Nacional,Roberto Chiabra,,16,1.4
Unidad Nacional,Roberto Chiabra,,17,2.1
Unidad Nacional,Roberto Chiabra,,18,2.1
Unidad Nacional,Roberto Chiabra,,19,1.4
Unidad Nacional,Roberto Chiabra,,20,2.1
Unidad Nacional,Roberto Chiabra,,21,4.9
Unidad Nacional,Roberto Chiabra,,22,9.1
Unidad Nacional,Roberto Chiabra,,23,10.5
Unidad Nacional,Roberto Chiabra,,24,7.7
Unidad Nacional,Roberto Chiabra,,25,4.2
Unidad Nacional,Roberto Chiabra,,26,2.1
Unidad Nacional,Roberto Chiabra,,27,1.4
Unidad Nacional,Roberto Chiabra,,28,1.4
Unidad Nacional,Roberto Chiabra,,29,2.1
Unidad Nacional,Roberto Chiabra,,30,1.4
Unidad Nacional,Roberto Chiabra,,31,1.4
Unidad Nacional,Roberto Chiabra,,32,2.1
Unidad Nacional,Roberto Chiabra,,33,1.4
Unidad Nacional,Roberto Chiabra,,34,2.1
Unidad Nacional,Roberto Chiabra,,35,3.5
Unidad Nacional,Roberto Chiabra,,36,7.7
Unidad Nacional,Roberto Chiabra,,37,10.5
Unidad Nacional,Roberto Chiabra,,38,8.4
Unidad Nacional,Roberto Chiabra,,39,4.9
Unidad Nacional,Roberto Chiabra,,40,2.1
Unidad Nacional,Roberto Chiabra,,41,1.4
Unidad Nacional,Roberto Chiabra,,42,2.1
Unidad Nacional,Roberto Chiabra,,43,2.1
Unidad Nacional,Roberto Chiabra,,44,1.4
Unidad Nacional,Roberto Chiabra,,45,2.1
Unidad Nacional,Roberto Chiabra,,46,3.5
Unidad Nacional,Roberto Chiabra,,47,7.7
Unidad Nacional,Roberto Chiabra,,48,10.5
Unidad Nacional,Roberto Chiabra,,49,9.8
Unidad Nacional,Roberto Chiabra,,50,9.1
Unidad Nacional,Roberto Chiabra,,51,11.9
Unidad Nacional,Roberto Chiabra,,52,34.3
Unidad Nacional,Roberto Chiabra,,53,55.2
Unidad Nacional,Roberto Chiabra,,54,59.4
Unidad Nacional,Roberto Chiabra,,55,55.9
Unidad Nacional,Roberto Chiabra,,56,50.3
Unidad Nacional,Roberto Chiabra,,57,45.5
Unidad Nacional,Roberto Chiabra,,58,45.5
Unidad Nacional,Roberto Chiabra,,59,45.5
Unidad Nacional,Roberto Chiabra,,60,45.5
Venceremos,Ronald Atencio,,1,2.1
Venceremos,Ronald Atencio,,2,1.4
Venceremos,Ronald Atencio,,3,2.8
Venceremos,Ronald Atencio,,4,17.5
Venceremos,Ronald Atencio,,5,26.6
Venceremos,Ronald Atencio,,6,26.6
Venceremos,Ronald Atencio,,7,15.4
Venceremos,Ronald Atencio,,8,9.1
Venceremos,Ronald Atencio,,9,23.1
Venceremos,Ronald Atencio,,10,26.6
Venceremos,Ronald Atencio,,11,25.9
Venceremos,Ronald Atencio,,12,26.6
Venceremos,Ronald Atencio,,13,25.9
Venceremos,Ronald Atencio,,14,11.2
Venceremos,Ronald Atencio,,15,2.1
Venceremos,Ronald Atencio,,16,2.1
Venceremos,Ronald Atencio,,17,2.1
Venceremos,Ronald Atencio,,18,1.4
Venceremos,Ronald Atencio,,19,2.1
Venceremos,Ronald Atencio,,20,1.4
Venceremos,Ronald Atencio,,21,2.1
Venceremos,Ronald Atencio,,22,1.4
Venceremos,Ronald Atencio,,23,1.4
Venceremos,Ronald Atencio,,24,2.1
Venceremos,Ronald Atencio,,25,1.4
Venceremos,Ronald Atencio,,26,2.1
Venceremos,Ronald Atencio,,27,2.1
Venceremos,Ronald Atencio,,28,2.1
Venceremos,Ronald Atencio,,29,2.1
Venceremos,Ronald Atencio,,30,1.4
Venceremos,Ronald Atencio,,31,2.1
Venceremos,Ronald Atencio,,32,1.4
Venceremos,Ronald Atencio,,33,2.1
Venceremos,Ronald Atencio,,34,1.4
Venceremos,Ronald Atencio,,35,2.1
Venceremos,Ronald Atencio,,36,2.1
Venceremos,Ronald Atencio,,37,2.1
Venceremos,Ronald Atencio,,38,21.7
Venceremos,Ronald Atencio,,39,50.3
Venceremos,Ronald Atencio,,40,51
Venceremos,Ronald Atencio,,41,41.3
Venceremos,Ronald Atencio,,42,10.5
Venceremos,Ronald Atencio,,43,1.4
Venceremos,Ronald Atencio,,44,2.1
Venceremos,Ronald Atencio,,45,2.1
Venceremos,Ronald Atencio,,46,1.4
Venceremos,Ronald Atencio,,47,2.1
Venceremos,Ronald Atencio,,48,1.4
Venceremos,Ronald Atencio,,49,2.1
Venceremos,Ronald Atencio,,50,1.4
Venceremos,Ronald Atencio,,51,2.1
Venceremos,Ronald Atencio,,52,2.1
Venceremos,Ronald Atencio,,53,1.4
Venceremos,Ronald Atencio,,54,2.1
Venceremos,Ronald Atencio,,55,1.4
Venceremos,Ronald Atencio,,56,2.1
Venceremos,Ronald Atencio,,57,1.4
Venceremos,Ronald Atencio,,58,1.4
Venceremos,Ronald Atencio,,59,1.4
Venceremos,Ronald Atencio,,60,1.4